age_group,product_name,quantity_ordered
30-49,Homemade Salsa,1
30-49,Sweet Potato Mash,2
30-49,Maple Breakfast Sausage,2
30-49,Board Game,2
50-65,Chocolate Hazelnut Spread,1
50-65,Cork Yoga Mat,2
50-65,Action Camera,3
50-65,Magnetic Spice Jars,4
50-65,Mango Chili Salsa,2
50-65,Homemade Salsa,1
50-65,Coconut Chia Pudding,1
50-65,DIY Candle Making Kit,2
50-65,Strawberry Rhubarb Jam,4
50-65,Chili Lime Seasoning,1
50-65,Smart LED Light Strip,2
50-65,Cotton Pajama Set,1
50-65,Creamy Spinach Dip,3
50-65,Whole Grain Mustard,2
50-65,Fitness Resistance Bands,2
50-65,Thyme,1
50-65,Italian Pasta,2
50-65,DIY Candle Kit,1
50-65,Dual Function Electric Skillet,3
50-65,Hot Salsa,1
50-65,Natural Fruit Snacks,1
50-65,Dog Walking Waist Pack,2
50-65,Honey BBQ Ribs,3
50-65,Hydration Backpack,1
50-65,Roasted Red Pepper Hummus,3
50-65,Gaming Headset,1
18-29,Chicken Broth,2
18-29,Raisin Cinnamon Granola,1
18-29,Organic Whole Wheat Flour,1
18-29,Outdoor Camping Lantern,1
18-29,Board Game,2
18-29,Mediterranean Couscous Salad,1
50-65,Sriracha Chili Sauce,1
50-65,USB Flash Drive,1
50-65,Zucchini Noodles,1
50-65,Raspberry Lemonade Mix,1
50-65,High-Speed Blender,1
50-65,Fruit and Nut Medley,1
50-65,Greek Yogurt,2
50-65,Electric Kettle with Temperature Control,3
30-49,Cherry Almond Protein Bar,2
30-49,Karaoke Microphone,2
30-49,Miso Soup Mix,2
30-49,Portable Jump Starter,1
30-49,Fishing Rod,1
30-49,Chickpea Snack Mix,3
30-49,Dog Walking Waist Pack,1
30-49,Memory Foam Pillow,2
30-49,Electric Kettle with Temperature Control,1
30-49,Raspberry Tart,2
30-49,Wall-Mounted Organizer,1
50-65,Cherry Almond Protein Bar,1
50-65,Sketchbook,1
50-65,Bamboo Memory Foam Pillow,2
50-65,Outdoor Fire Pit,1
50-65,Portable Pet Stroller,3
50-65,Adjustable Pet Grooming Table,2
50-65,Board Game,3
50-65,Pesto Pasta Sauce,1
18-29,Solar Power Bank,3
18-29,Organic Vanilla Bean Ice Cream,2
18-29,Wrap Jumpsuit,3
30-49,Homemade Salsa,1
30-49,Smart LED Desk Lamp,1
30-49,Electric Heat Pad,1
30-49,DIY Candle Making Kit,1
30-49,Portable Solar Phone Charger,3
30-49,Asian Salad Mix,1
30-49,Portable Ice Maker,1
30-49,Frozen Pizza,2
30-49,Customizable Name Puzzle,1
30-49,Board Game,1
30-49,Sesame Noodles,1
30-49,Rolling Cooler,1
18-29,DIY Candle Kit,3
18-29,Sliced Provolone Cheese,1
18-29,Satin Slip Dress,1
18-29,Microfiber Cleaning Cloth Set,1
18-29,Mini Pretzels,1
18-29,Electric Heat Pad,2
18-29,Eco-Friendly Disposable Plates,2
18-29,Bluetooth Tracker,2
18-29,Garlic and Herb Cream Cheese,1
18-29,Smart WiFi Plug,1
18-29,Decorative Wall Tapestry,2
18-29,Portable Ice Maker,2
18-29,Sweet Potatoes,1
18-29,Classic Cheeseburger Mix,1
50-65,Ripped Boyfriend Jeans,4
50-65,Peach Green Tea,2
50-65,Customizable Name Puzzle,2
50-65,Teriyaki Beef Jerky,3
50-65,Cinnamon Roll Protein Bar,2
30-49,Adjustable Pedicure Footrest,4
30-49,Smart LED Light Strip,1
30-49,Chocolate Hazelnut Spread,3
30-49,Tandoori Chicken Skewers,1
30-49,Bamboo Cutting Board,1
30-49,Whole Grain Hamburger Buns,1
30-49,Greek Feta Cheese,2
30-49,Car Phone Mount,1
30-49,Instant Mashed Potatoes,1
30-49,Nutty Quinoa Salad,4
30-49,Spinach Feta Wraps,1
30-49,Cherry Almond Protein Bar,2
30-49,Mini Fondue Set,1
30-49,BBQ Sauce,1
30-49,Outdoor Camping Lantern,4
30-49,Puzzle Game Set,2
50-65,Vegetable Korma,1
50-65,Bamboo Memory Foam Pillow,2
50-65,Window Bird Feeder,3
50-65,Adjustable Dog Harness,1
50-65,Italian Pasta,2
50-65,Creamy Garlic Dressing,1
50-65,Bamboo Cutting Board,3
50-65,Herb-Infused Olive Oil,1
50-65,Kids' Art Supplies Kit,1
50-65,Bluetooth Tracker,4
50-65,Smart WiFi Plug,2
50-65,Dog Walking Waist Pack,2
50-65,Fitness Resistance Bands,1
50-65,Digital Stopwatch Timer,1
50-65,Adjustable Pet Grooming Table,1
50-65,Kale Chips,1
18-29,Portable Solar Path Lights,1
18-29,Self-Cleaning Water Bottle,2
18-29,Homemade Salsa,3
18-29,Rechargeable Laptop Battery Pack,2
18-29,Honey BBQ Ribs,1
18-29,Garam Masala Spice Blend,1
18-29,Vegetable Sushi Rolls,1
18-29,Dark Chocolate Covered Raisins,3
18-29,Insulated Wine Tote,3
18-29,Homemade Salsa,1
18-29,Silicone Baking Mat Set,1
18-29,Sports Water Bottle with Infuser,4
18-29,Electric Heating Pad,1
18-29,Portable Hammock Swing,3
18-29,Toilet Paper (12 rolls),3
18-29,Travel Makeup Organizer,1
18-29,Apricot Jam,2
18-29,Wireless Charging Station,1
18-29,Raspberry Tart,2
18-29,Mediterranean Couscous Salad,2
30-49,High-Quality Yoga Block,1
30-49,Pecan Nuts,1
30-49,LED Disco Ball Light,2
30-49,Brussels Sprouts,1
30-49,Herbal Tea Set,1
30-49,Energy Protein Bars,2
50-65,Denim Jacket,1
50-65,Coconut Flakes,2
50-65,Bluetooth Tracker,1
50-65,Wi-Fi Enabled Smart Light Switch,1
50-65,Oven-Baked Sweet Potato Fries,2
50-65,Electric Pressure Cooker,1
50-65,Classic Cheeseburger Mix,1
50-65,Interchangeable Watch Bands,1
30-49,Faux Leather Leggings,1
30-49,Wi-Fi Enabled Smart Light Switch,2
30-49,Portable Pet Stroller,1
30-49,Tomatillo Salsa,1
30-49,Zucchini Noodle Pasta,1
30-49,Shatterproof Wine Glasses,2
18-29,Chicken Broth,2
18-29,Smart Wi-Fi Light Bulbs,1
18-29,Smart Wi-Fi Light Bulbs,3
18-29,Children's Backpack,1
18-29,Crispy Onion Rings,1
18-29,Bird Feeder,3
30-49,Chicken Broth,2
30-49,Bamboo Cutting Board,2
30-49,Zucchini Noodles,1
30-49,Stainless Steel Grater,1
30-49,Spicy BBQ Sauce,1
30-49,Dried Cranberries,2
30-49,Mango Chili Salsa,3
30-49,Herbed Couscous,2
30-49,Bamboo Cutting Board,1
30-49,Wi-Fi Enabled Smart Light Switch,2
30-49,Organic Vanilla Bean Ice Cream,2
30-49,Crispy Onion Rings,3
30-49,Granola Cereal,2
30-49,Outdoor Folding Table,1
30-49,Vegetable Lentil Soup,1
30-49,Black Bean Soup,2
30-49,Instant Mashed Potatoes,1
30-49,Savory Breakfast Sausage,2
30-49,Sculpting Kit,4
30-49,Board Game,2
30-49,Zucchini Noodle Pasta,1
30-49,Pet Water Bottle,1
30-49,Pumpkin Spice Latte Mix,3
50-65,Silicone Baking Molds,4
50-65,Granola Clusters,3
50-65,Compact Umbrella,1
50-65,Portable Hammock Swing,1
50-65,Non-Toxic Concrete Sealer,1
50-65,Vegetable Quinoa Bowl,1
50-65,Herbal Tea Set,2
50-65,Strawberry Rhubarb Jam,1
50-65,Smart LED Light Strip,3
50-65,Spaghetti Squash,2
50-65,Collapsible Folding Chair,3
50-65,Outdoor Fire Pit,2
50-65,Digital Stopwatch Timer,1
50-65,Digital Stopwatch Timer,2
50-65,Car Diagnostic Scanner,2
30-49,Smart Wi-Fi Light Bulbs,3
30-49,Greek Feta Cheese,4
30-49,Spicy BBQ Sauce,2
30-49,Organic Blueberries,3
30-49,Adjustable Kitchen Broom Stand,2
30-49,Basmati Rice,1
30-49,Sculpting Kit,1
50-65,Raisin Cinnamon Granola,3
50-65,Satin Slip Dress,1
50-65,Mini Fondue Set,1
50-65,Cable Knit Cardigan,1
50-65,Sustainable Wooden Toys,3
50-65,Wireless Charging Station,1
50-65,Pear and Gorgonzola Salad,2
50-65,Vegetable Spring Rolls,1
50-65,Electric Heat Pad,4
50-65,Eco-Friendly Disposable Plates,1
50-65,Organic Vanilla Bean Ice Cream,1
50-65,Frozen Pizza,3
50-65,Pumpkin Seeds,1
50-65,Magnetic Spice Jars,2
18-29,Stuffed Bell Peppers,1
18-29,Sliced Olives,1
18-29,Coconut Bowls Set,1
18-29,Heavy-Duty Utility Tote,1
18-29,Herb-Infused Olive Oil,3
18-29,Non-Stick Crepe Pan,1
30-49,Coconut Chia Pudding,1
30-49,Peanut Butter Cookies,2
30-49,Miso Soup Mix,1
30-49,Electric Heating Pad,4
30-49,Plant-Based Cookbook,2
30-49,Smartphone Projector,2
30-49,Zucchini Noodle Pasta,2
30-49,Herbed Couscous,1
30-49,Chipotle Black Bean Salad,1
30-49,Carrot Ginger Soup,2
30-49,Oversized Denim Shirt,1
30-49,Organic Spinach,1
30-49,Decorative Wall Tapestry,1
30-49,Action Camera,2
30-49,Outdoor Camping Lantern,3
30-49,Organic Blueberries,1
30-49,Adjustable Dog Harness,3
30-49,Chicken Fajita Kit,1
30-49,Silicone Baking Mat,1
30-49,Energy Protein Bars,2
50-65,Smart Wi-Fi Light Bulbs,1
50-65,Stuffed Bell Peppers,1
50-65,Garlic Naan Bread,1
50-65,Bluetooth Tracker,2
50-65,Recipe Book Stand,2
50-65,Bamboo Memory Foam Pillow,3
50-65,Ripped Boyfriend Jeans,3
50-65,Electric Pressure Cooker,2
30-49,Yoga Mat Carrier,3
30-49,Organic Quinoa Chips,3
30-49,Wi-Fi Enabled Smart Light Switch,2
30-49,Raspberry Lemonade Mix,2
30-49,Outdoor Folding Table,3
30-49,Organic Spinach,1
30-49,Ranch Dressing,1
30-49,Greek Yogurt,1
30-49,Oven-Baked Sweet Potato Fries,2
30-49,Mobile Workbench,1
30-49,Cat Scratching Post with Toys,1
30-49,Educational STEM Kit,1
30-49,Rolling Cooler,1
30-49,Chicken Broth,1
30-49,Herb Seasoned Couscous,1
30-49,Mango Chili Salsa,2
30-49,Bicycle Lock,2
30-49,Chocolate Mint Cookies,2
30-49,Classic Caesar Dressing,1
30-49,Whole Grain Mustard,3
30-49,Pumpkin Pancake Mix,2
30-49,Rice Pilaf Mix,1
30-49,Dog Walking Waist Pack,2
30-49,Smartphone Projector,1
30-49,Roasted Garlic Mashed Potatoes,2
30-49,Smart LED Desk Lamp,1
30-49,Vegetable Spring Rolls,3
30-49,Solar Power Bank,1
30-49,Nail Polish Set,1
30-49,Organic Quinoa Chips,2
30-49,Kids' Educational Tablet,1
30-49,Fitness Balance Ball,1
30-49,Fire Roasted Salsa,1
30-49,Apple Cinnamon Breakfast Muffins,1
30-49,Teriyaki Beef Jerky,3
30-49,Chocolate Covered Pretzels,2
30-49,Creamy Garlic Dressing,3
30-49,Miso Soup Mix,2
30-49,Carrot Ginger Soup,3
30-49,Bamboo Memory Foam Pillow,1
30-49,Pet Training Pads,4
30-49,Vegetable Quinoa Bowl,1
30-49,LED Strip Lights Kit,1
30-49,Organic Blueberries,1
30-49,Reclining Camping Chair,2
30-49,Energy Protein Bars,1
50-65,Smart LED Light Strip,1
50-65,Coconut Flakes,2
50-65,Nail Polish Set,1
50-65,Carrot Ginger Soup,4
50-65,Garlic and Herb Cream Cheese,3
50-65,Plant-Based Cookbook,1
50-65,Greek Yogurt,2
50-65,Scent Diffuser,1
50-65,Car Diagnostic Scanner,4
50-65,Elderberry Syrup,2
50-65,Pet Grooming Kit,1
50-65,Coconut Bowls Set,1
50-65,Portable Bluetooth Keyboard,2
50-65,Herb Seasoned Couscous,3
50-65,Mini Fondue Set,1
50-65,Spicy Chicken Wings,2
50-65,Window Bird Feeder,2
50-65,Oven-Baked Sweet Potato Fries,2
50-65,Pumpkin Seeds,1
50-65,Chocolate Covered Pretzels,2
50-65,Sliced Olives,1
50-65,Wireless Keyboard and Mouse Combo,2
50-65,Wireless Earbuds Case,2
50-65,Wireless Earbuds Case,3
50-65,Wireless Charging Station,3
50-65,Energy Protein Bars,1
30-49,Chickpea Pancakes,1
30-49,Tandoori Chicken Skewers,1
30-49,Recipe Book Stand,3
30-49,Overnight Duffle Bag,1
30-49,Teriyaki Sauce,1
30-49,Herbed Couscous,3
30-49,Bluetooth Tracker,3
30-49,Toilet Paper (12 rolls),2
30-49,Digital Stopwatch Timer,3
30-49,Tomatillo Salsa,3
30-49,Fire Roasted Salsa,1
30-49,Oven-Baked Sweet Potato Fries,1
50-65,Vegetable Spring Rolls,1
50-65,Outdoor Portable Fire Pit,1
50-65,Herb-Infused Olive Oil,1
50-65,Miso Dressing,1
50-65,Electric Pressure Cooker,2
50-65,Spinach Feta Wraps,1
50-65,Satin Slip Dress,1
50-65,Stuffed Bell Peppers,2
50-65,DIY Candle Making Kit,4
50-65,Dual Function Electric Skillet,3
50-65,Apple Cinnamon Granola,2
50-65,Carrot Ginger Soup,2
50-65,Asian Salad Mix,1
50-65,Portable Ice Maker,2
50-65,Organic Blueberries,3
50-65,Chicken Fajita Kit,1
30-49,Children's Science Experiment Lab Kit,4
30-49,Ultra-Thin Laptop Sleeve,2
30-49,Chocolate Hazelnut Spread,2
30-49,Decorative LED Neon Sign,2
30-49,LED Disco Ball Light,3
30-49,Vegetable Lentil Soup,2
30-49,Chickpea Snack Mix,1
30-49,Face Mask Set,1
30-49,Instant Mashed Potatoes,1
30-49,Deluxe First Aid Kit,1
30-49,Chicken Fajita Kit,2
18-29,Tandoori Chicken Skewers,2
18-29,Sliced Olives,1
18-29,Travel Makeup Organizer,3
18-29,Portable Bluetooth Keyboard,2
18-29,Whole Chicken,1
18-29,Solar Power Bank,1
18-29,Ranch Dressing,2
18-29,Dog Walking Waist Pack,1
18-29,Maple Pecan Pancake Mix,1
18-29,Lentils,3
30-49,Stuffed Bell Peppers,1
30-49,Classic Caesar Dressing,3
30-49,Sports Water Bottle with Infuser,1
30-49,Non-Toxic Concrete Sealer,2
30-49,Roasted Red Pepper Hummus,3
30-49,Adjustable Pet Grooming Table,3
30-49,Mobile Workbench,1
30-49,Adjustable Dog Harness,4
50-65,DIY Candle Kit,1
50-65,Gardening Fairy Figurines,2
50-65,Chickpea Pancakes,1
50-65,Chickpea Pancakes,2
50-65,Natural Fruit Snacks,2
30-49,Portable Solar Phone Charger,1
30-49,Dog Walking Waist Pack,2
30-49,Plant-Based Meal Prep Containers,1
30-49,Smartphone Projector,1
30-49,Garam Masala Spice Blend,1
30-49,Cable Knit Cardigan,2
30-49,Pumpkin Seeds,3
30-49,Magnetic Spice Jars,3
30-49,High-Quality Yoga Block,2
30-49,Cotton Pajama Set,3
30-49,Vegetable Spring Rolls,2
30-49,Yoga Mat Carrier,1
30-49,Sketchbook,1
30-49,Collapsible Folding Chair,2
30-49,Vegetable Lentil Soup,3
30-49,Portable Hammock Swing,1
30-49,Wild Rice & Quinoa Mix,3
30-49,Roasted Red Pepper Hummus,1
30-49,Sweet Pea Hummus,1
30-49,Energy Protein Bars,3
30-49,Pumpkin Spice Latte Mix,1
18-29,Chickpea Pancakes,1
18-29,Oversized Denim Shirt,1
18-29,Maple Glazed Carrots,1
18-29,Roasted Red Pepper Hummus,1
18-29,Silicone Baking Mat,1
18-29,Classic Cheeseburger Mix,1
18-29,Basil Lemonade,1
18-29,Rechargeable Battery Organizer,1
18-29,High-Speed Blender,1
18-29,Asian Salad Mix,3
18-29,Smartphone Projector,1
18-29,Kale Chips,2
18-29,Pineapple Coconut Yogurt,1
30-49,Solar Power Bank,1
30-49,Sliced Olives,1
30-49,Decorative LED Neon Sign,3
30-49,Coconut Granola,1
30-49,Faux Leather Leggings,1
30-49,Cheesy Cauliflower Bake,1
30-49,Portable Phone Charger,2
30-49,Smart WiFi Plug,1
30-49,Savory Breakfast Sausage,1
30-49,Car Diagnostic Scanner,1
30-49,Sesame Noodles,3
50-65,Mini Pretzels,2
50-65,Infrared Space Heater,1
50-65,Buffalo Wing Sauce,2
50-65,Greek Yogurt,4
50-65,Mediterranean Couscous Salad,1
50-65,Cherry Almond Protein Bar,1
50-65,Air Purifier,4
50-65,Vegetable Fried Rice Mix,2
50-65,Smart WiFi Plug,4
50-65,Couscous Mix,1
50-65,Saffron Rice Mix,1
50-65,Instant Mashed Potatoes,1
50-65,Fire Roasted Salsa,1
50-65,Sustainable Wooden Toys,3
50-65,Dark Chocolate Covered Raisins,3
30-49,Teriyaki Chicken Skewers,3
30-49,Vegetable Spring Rolls,4
30-49,Silicone Stretch Lids,2
30-49,Coconut Bowls Set,3
30-49,Garlic Naan Bread,2
30-49,Portable Solar Phone Charger,2
30-49,Nutty Quinoa Salad,3
30-49,Dried Cranberries,2
30-49,Wrap Jumpsuit,2
30-49,Electric Pressure Cooker,2
30-49,Kale Chips,2
30-49,Interchangeable Watch Bands,1
18-29,Ski Goggles,1
18-29,Yoga Wheel,2
18-29,Maple Breakfast Sausage,1
18-29,Cork Yoga Mat,2
18-29,Crispy Rice Treats,1
18-29,Veggie Burger Patties,1
18-29,Pumpkin Spice Latte Mix,3
50-65,Bamboo Cutting Board,1
50-65,Classic Caesar Dressing,3
50-65,Collapsible Folding Chair,2
50-65,Plant-Based Cookbook,3
50-65,Toilet Paper (12 rolls),2
50-65,Action Camera,1
50-65,Wall-Mounted Spice Rack,2
50-65,Foldable Picnic Table,3
50-65,Frozen Vegetarian Pizza,1
50-65,Satin Slip Dress,3
50-65,Herbed Goat Cheese,1
50-65,Hot Salsa,2
50-65,Granola Clusters,2
50-65,Hiking Water Bottle with Filter,3
50-65,Rechargeable Laptop Battery Pack,1
50-65,Vegetable Sushi Rolls,3
18-29,Roasted Garlic Mashed Potatoes,1
18-29,Roasted Garlic Mashed Potatoes,2
18-29,Smart LED Desk Lamp,1
18-29,Silicone Stretch Lids,1
18-29,Chocolate Hazelnut Spread,2
18-29,Travel Pillow,1
18-29,Puzzle Game Set,2
18-29,Zucchini Noodle Pasta,1
18-29,Educational STEM Kit,3
50-65,Herb Seasoned Couscous,1
50-65,Dual Function Electric Skillet,3
50-65,Cotton Pajama Set,2
50-65,Electric Heat Pad,1
50-65,Dried Cranberries,4
50-65,Energy Protein Bars,1
30-49,Electric Heat Pad,1
30-49,Tea Set with Infuser,1
30-49,Thyme,1
30-49,Sweet Pea Hummus,3
30-49,Classic Cheeseburger Mix,1
30-49,Pumpkin Spice Latte Mix,4
50-65,Smart Wi-Fi Light Bulbs,2
50-65,Portable Jump Starter,1
50-65,Compact Umbrella,1
50-65,Bluetooth Tracker,2
50-65,Ceramic Cookware Set,1
50-65,Greek Yogurt,2
50-65,Coconut Cream Pie,1
18-29,Smart LED Desk Lamp,2
18-29,Chocolate Hazelnut Spread,2
18-29,Rechargeable Laptop Battery Pack,3
18-29,Mediterranean Couscous Salad,3
50-65,Chicken Broth,1
50-65,Italian Herb Balsamic Marinade,1
50-65,Popcorn Chicken,1
50-65,Frozen Fruit Medley,2
50-65,Wall-Mounted Spice Rack,2
50-65,Organic Tomato Ketchup,1
30-49,Portable Solar Path Lights,2
30-49,High-Quality Yoga Block,2
30-49,Children's Science Experiment Lab Kit,1
30-49,Chocolate Covered Pretzels,1
30-49,Herbed Couscous,3
30-49,Chocolate Hazelnut Spread,2
30-49,High-Speed Blender,2
30-49,Portable Hammock Swing,2
30-49,Pet Training Pads,2
30-49,Sweet Potatoes,3
30-49,Overnight Duffle Bag,1
30-49,Pumpkin Spice Latte Mix,1
18-29,Cherry Almond Protein Bar,3
18-29,Stuffed Bell Peppers,2
18-29,Silicone Stretch Lids,3
18-29,Customizable Name Puzzle,1
18-29,Wall-Mounted Spice Rack,2
18-29,Scent Diffuser,2
18-29,Strawberry Rhubarb Jam,3
30-49,Ski Goggles,4
30-49,Portable Jump Starter,2
30-49,Bluetooth Tracker,2
30-49,Granola Cereal,3
30-49,Rechargeable Laptop Battery Pack,4
30-49,Overnight Duffle Bag,1
30-49,Teriyaki Sauce,2
30-49,Self-Cleaning Water Bottle,1
30-49,Cotton Pajama Set,2
30-49,Mini Pretzels,1
30-49,Whole Grain Hamburger Buns,3
30-49,Smart Light Switch,1
30-49,Reusable Produce Bags Set,1
30-49,Fitness Balance Ball,3
30-49,Quinoa and Kale Salad Kit,3
30-49,Herbed Goat Cheese,2
30-49,Recipe Book Stand,1
30-49,Organic Tomato Ketchup,2
30-49,Chickpea Pancakes,2
30-49,Black Bean Soup,1
30-49,Travel Makeup Organizer,1
30-49,Pineapple Coconut Yogurt,3
30-49,Classic Cheeseburger Mix,1
30-49,Rolling Cooler,1
30-49,Smart LED Light Strip,1
30-49,Coconut Flakes,2
30-49,Travel Mug with Leak-Proof Lid,1
30-49,Outdoor Fire Pit,1
30-49,Decorative Wall Tapestry,1
30-49,Peach Green Tea,2
18-29,Hydration Backpack,2
18-29,Apple Cinnamon Granola,1
18-29,Rice Cakes,3
18-29,Smart Light Switch,3
18-29,Travel Makeup Organizer,2
18-29,Brussels Sprouts,2
18-29,Pumpkin Seeds,3
18-29,Kale Chips,1
30-49,Ice Cream,1
30-49,Electric Kettle with Temperature Control,2
30-49,Pumpkin Seeds,1
30-49,Zucchini Noodle Pasta,2
30-49,Educational STEM Kit,3
30-49,Quinoa and Kale Salad Kit,3
30-49,Vegetarian Pizza,2
30-49,Vegetable Korma,1
30-49,Greek Yogurt,1
30-49,Ski Goggles,3
30-49,USB Flash Drive,4
30-49,Nail Polish Set,3
30-49,Travel Mug with Leak-Proof Lid,3
30-49,Ripped Boyfriend Jeans,1
30-49,Spicy Chicken Wings,1
30-49,Sturdy Bookends,2
30-49,Magnetic Spice Jars,1
30-49,Rolling Cooler,1
30-49,Adjustable Pedicure Footrest,3
30-49,Whole Grain Cereal,1
30-49,Vegetable Lentil Soup,1
30-49,Cat Scratching Post with Toys,3
30-49,Spinach Feta Wraps,2
50-65,Herb Seasoned Couscous,2
50-65,Raisin Cinnamon Granola,1
50-65,Sweet Potato Mash,1
50-65,Non-Stick Crepe Pan,1
50-65,Whole Grain Cereal,2
50-65,Electric Heating Pad,1
50-65,Face Mask Set,2
50-65,Electric Kettle with Temperature Control,1
50-65,Italian Pasta,2
30-49,Miso Soup Mix,2
30-49,Kids' Art Supplies Kit,2
30-49,Portable Ice Maker,1
30-49,Portable Ice Maker,2
30-49,Fitness Resistance Bands,2
30-49,Veggie Burger Patties,1
30-49,Smartphone Projector,2
30-49,Mini Waffle Maker,1
30-49,Strawberry Banana Smoothie Pack,1
30-49,Sesame Noodles,1
30-49,Spinach Feta Wraps,1
50-65,Sriracha Chili Sauce,1
50-65,Insulated Wine Tote,1
50-65,Cherry Almond Protein Bar,2
50-65,Sliced Provolone Cheese,1
50-65,Classic BBQ Sauce,2
50-65,Classic Caesar Dressing,3
50-65,Cork Yoga Mat,1
50-65,Outdoor Folding Table,2
50-65,Sculpting Kit,1
50-65,Reusable Produce Bags Set,2
50-65,Miso Dressing,3
50-65,Teriyaki Sauce,1
30-49,Whole Wheat Pasta,1
30-49,Children's Science Experiment Lab Kit,1
30-49,Pecan Nuts,2
30-49,Almond Butter Crunch Bar,3
30-49,Silicone Baking Molds,3
30-49,Popcorn Chicken,1
30-49,Outdoor Camping Lantern,2
30-49,Mobile Workbench,2
30-49,Organic Blueberries,3
30-49,Raspberry Tart,1
50-65,Coconut Flakes,1
50-65,Carrot Ginger Soup,1
50-65,Whole Grain Cereal,2
50-65,Electric Heating Pad,3
50-65,Ranch Dressing,3
50-65,Energy Protein Bars,1
18-29,Ski Goggles,1
18-29,Teriyaki Chicken Skewers,1
18-29,Chili Lime Seasoning,3
18-29,Dual Function Electric Skillet,1
18-29,Satin Slip Dress,1
18-29,Ultra-Thin Laptop Sleeve,2
18-29,Black Bean Soup,3
18-29,Ranch Dressing,2
18-29,Tomatillo Salsa,3
18-29,Sweet Pea Hummus,2
50-65,Cherry Almond Protein Bar,2
50-65,Karaoke Microphone,3
50-65,Sports Water Bottle with Infuser,2
50-65,Tomatillo Salsa,1
30-49,Cotton Pajama Set,1
30-49,Mango Chili Salsa,2
30-49,Almond Butter Crunch Bar,2
30-49,Stainless Steel Grater,1
30-49,Cork Yoga Mat,4
30-49,Popcorn Chicken,2
30-49,Wild Rice & Quinoa Mix,1
30-49,Outdoor Camping Hammock,4
50-65,Sriracha Chili Sauce,1
50-65,Stainless Steel BBQ Grill Set,1
50-65,Apricot Jam,1
50-65,Mini Waffle Maker,1
50-65,LED Strip Lights Kit,2
50-65,Organic Blueberries,4
50-65,Cable Knit Cardigan,1
30-49,Smart Wi-Fi Light Bulbs,2
30-49,Cherry Almond Protein Bar,4
30-49,Basmati Rice,2
30-49,Microfiber Cleaning Cloth Set,1
30-49,Coconut Chia Pudding,1
30-49,Silicone Baking Molds,1
30-49,Organic Whole Wheat Flour,1
30-49,Bird Feeder,4
30-49,Portable Solar Path Lights,1
30-49,Coconut Chia Pudding,1
30-49,Silicone Stretch Lids,1
30-49,Herbed Goat Cheese,3
30-49,Black Bean Soup,1
30-49,Honey BBQ Ribs,2
30-49,Strawberry Banana Smoothie Pack,1
30-49,Wall-Mounted Organizer,2
30-49,Bird Feeder,1
50-65,Chipotle Black Bean Salad,1
50-65,Mango Chutney,1
50-65,Garlic and Herb Cream Cheese,1
50-65,Ribbed Knit Dress,1
50-65,Adjustable Dog Harness,3
30-49,Natural Fruit Snacks,1
30-49,Travel Mug with Leak-Proof Lid,1
30-49,Savory Mushroom Risotto,1
30-49,Portable Speaker Stand,1
30-49,Denim Jacket,4
30-49,Car Sunshade,4
30-49,Faux Leather Leggings,2
30-49,Crispy Onion Rings,1
30-49,Outdoor Folding Table,1
30-49,Pet Training Pads,3
30-49,Peach Green Tea,3
30-49,Organic Blueberries,1
30-49,Adjustable Kitchen Broom Stand,1
30-49,Non-Stick Crepe Pan,1
30-49,Classic Caesar Dressing,1
30-49,Silicone Baking Mat Set,3
30-49,Stainless Steel BBQ Grill Set,2
30-49,Plant-Based Cookbook,1
30-49,Compact Shoe Rack,2
30-49,Wild Rice & Quinoa Mix,2
30-49,Ribbed Knit Dress,1
30-49,Lentils,1
30-49,Maple Breakfast Sausage,3
30-49,Asian Salad Mix,2
30-49,Dog Walking Waist Pack,2
30-49,Oven-Baked Sweet Potato Fries,1
30-49,Cinnamon Roll Protein Bar,1
30-49,Cinnamon Roll Protein Bar,2
30-49,Roasted Garlic Mashed Potatoes,2
30-49,Organic Whole Grain Oats,4
30-49,Classic Caesar Dressing,4
30-49,Maple Breakfast Sausage,2
30-49,Maple Glazed Carrots,1
30-49,Fire Roasted Salsa,4
30-49,Athletic Compression Tights,2
50-65,Ski Goggles,1
50-65,Solar Power Bank,1
50-65,Nail Polish Set,1
50-65,Board Game Storage,4
50-65,Electric Heat Pad,1
50-65,Faux Leather Leggings,1
50-65,Italian Herb Balsamic Marinade,1
50-65,Herbal Tea Set,1
50-65,Herbal Tea Set,3
50-65,LED Strip Lights Kit,2
30-49,Insulated Wine Tote,1
30-49,Granola Clusters,3
30-49,Kids' Art Supplies Kit,2
30-49,Set of Silicone Cooking Utensils,4
30-49,Chicken Broth,4
30-49,Smart LED Light Strip,1
30-49,Creamy Garlic Dressing,1
30-49,Classic BBQ Sauce,1
30-49,Dog Training Collar,2
30-49,Strawberry Banana Smoothie Pack,1
30-49,Kale Chips,3
30-49,Insulated Wine Tote,1
30-49,Insulated Wine Tote,2
30-49,Smart Wi-Fi Light Bulbs,2
30-49,Chili Lime Seasoning,1
30-49,Dog Frisbee Toy,4
30-49,Pecan Nuts,1
30-49,Savory Mushroom Risotto,4
30-49,Athletic Compression Tights,1
50-65,Smart LED Light Strip,1
50-65,Cotton Pajama Set,1
50-65,Chocolate Mint Cookies,2
50-65,Frozen Fruit Medley,2
50-65,Veggie Burger Patties,1
50-65,Smartphone Projector,3
50-65,Wireless Charging Station,2
50-65,Silicone Baking Mat,1
50-65,Kale Chips,1
50-65,Ski Goggles,1
50-65,Adjustable Pedicure Footrest,2
50-65,Electric Heat Press Machine,1
50-65,Silicone Stretch Lids,3
50-65,Eco-Friendly Disposable Plates,2
50-65,Asian Salad Mix,3
50-65,Fruit and Nut Medley,2
50-65,Garam Masala Spice Blend,3
50-65,Lentils,3
50-65,Raspberry Tart,1
30-49,Raisin Cinnamon Granola,4
30-49,Mini Pretzels,3
30-49,Coconut Chia Pudding,3
30-49,High-Speed Blender,2
30-49,Overnight Duffle Bag,2
30-49,Tomatillo Salsa,3
30-49,Oven-Baked Sweet Potato Fries,3
30-49,Sturdy Bookends,3
30-49,Pumpkin Spice Latte Mix,1
30-49,Wireless Earbud Silicone Covers,3
30-49,Smart Light Switch,2
30-49,Organic Vanilla Bean Ice Cream,1
30-49,Fire Roasted Salsa,1
50-65,Adjustable Pedicure Footrest,2
50-65,Electric Heat Pad,1
50-65,Bluetooth Tracker,1
50-65,Whole Grain Cereal,2
50-65,Face Mask Set,2
50-65,Car Phone Mount,2
50-65,Couscous Mix,2
50-65,Wireless Charging Station,4
50-65,Electric Pressure Cooker,3
50-65,Zucchini Noodles,1
50-65,Children's Backpack,3
50-65,Noise-Canceling Headphones,2
50-65,Pumpkin Pancake Mix,2
50-65,Sustainable Wooden Toys,1
50-65,Zucchini Noodle Pasta,1
18-29,Ski Goggles,1
18-29,Smart LED Light Strip,4
18-29,Bicycle Lock,1
18-29,Eco-Friendly Disposable Plates,1
18-29,Stainless Steel BBQ Grill Set,1
18-29,Organic Almonds,2
18-29,Multi-Function Smartphone Holder,1
30-49,Basil Lemonade,3
30-49,Almond Butter Crunch Bar,1
30-49,Children's Backpack,1
30-49,Tea Set with Infuser,2
30-49,Miso Dressing,2
30-49,Hiking Water Bottle with Filter,1
30-49,Popcorn Chicken,1
30-49,Portable Hammock Swing,1
30-49,Frozen Pizza,2
30-49,Honey BBQ Ribs,1
30-49,Fire Roasted Salsa,2
30-49,Organic Blueberries,1
30-49,Window A/C Unit,1
50-65,Eco-Friendly Disposable Plates,2
50-65,Smart Light Switch,4
50-65,Bluetooth Tracker,2
50-65,Bamboo Memory Foam Pillow,3
50-65,Italian Herb Balsamic Marinade,1
50-65,Roasted Red Pepper Hummus,1
50-65,Cable Knit Cardigan,4
50-65,Sweet Potato & Kale Hash,1
50-65,Ski Goggles,1
50-65,Almond Joy Munch Bars,2
50-65,Coconut Flakes,1
50-65,Ceramic Cookware Set,3
50-65,Stainless Steel Grater,1
50-65,LED Disco Ball Light,3
50-65,Vegetable Lentil Soup,1
50-65,Car Phone Mount,3
50-65,Toilet Paper (12 rolls),3
50-65,Reusable Produce Bags Set,1
50-65,Herbal Tea Set,1
50-65,Mobile Workbench,3
50-65,Reclining Camping Chair,1
50-65,Sustainable Wooden Toys,2
50-65,Portable Speaker Stand,2
50-65,Ski Goggles,1
50-65,Pet Grooming Kit,2
50-65,Faux Leather Leggings,2
50-65,Instant Mashed Potatoes,1
50-65,Electric Food Slicer,3
50-65,Fire Roasted Salsa,3
50-65,Energy Protein Bars,2
50-65,Whole Chicken,3
50-65,Denim Jacket,2
50-65,Children's Science Experiment Lab Kit,1
50-65,Vegetable Fried Rice Mix,2
50-65,BBQ Sauce,2
50-65,Electric Heating Pad,2
30-49,Organic Whole Grain Oats,1
30-49,Board Game Storage,1
30-49,Coconut Granola,3
30-49,Cork Yoga Mat,1
30-49,Sweet Potato and Chickpea Bowl,1
30-49,Tea Set with Infuser,1
30-49,Cinnamon Roll Protein Bar,2
30-49,Ceramic Cookware Set,1
30-49,LED Disco Ball Light,3
30-49,Toilet Paper (12 rolls),4
30-49,Saffron Rice Mix,1
30-49,Window Bird Feeder,1
30-49,Fire Roasted Salsa,1
50-65,Gardening Fairy Figurines,1
50-65,Pecan Nuts,2
50-65,Electric Heating Pad,2
50-65,Popcorn Chicken,3
50-65,Wild Rice & Quinoa Mix,3
50-65,Herbal Tea Set,1
50-65,Shatterproof Wine Glasses,1
50-65,Compact Refrigerator,2
50-65,Sliced Provolone Cheese,1
50-65,Coconut Bowls Set,1
50-65,Portable Jump Starter,2
50-65,Smart WiFi Plug,1
50-65,Wireless Induction Charger,3
50-65,Interchangeable Watch Bands,1
18-29,High-Quality Yoga Block,1
18-29,Smart Wi-Fi Light Bulbs,1
18-29,Adjustable Kitchen Broom Stand,1
18-29,Asian Salad Mix,2
18-29,Reusable Produce Bags Set,1
18-29,Mobile Workbench,1
18-29,Sustainable Wooden Toys,1
18-29,Shatterproof Wine Glasses,1
50-65,Ultra-Thin Laptop Sleeve,2
50-65,Sketchbook,1
50-65,Heavy-Duty Utility Tote,3
50-65,Fishing Rod,1
50-65,Cork Yoga Mat,1
50-65,Board Game,1
30-49,Basmati Rice,3
30-49,Multi-Tool,3
30-49,Garlic and Herb Cream Cheese,1
30-49,Dried Cranberries,2
30-49,Vegetable Quinoa Bowl,1
30-49,Zucchini Noodle Pasta,1
18-29,Ice Cream,1
18-29,Vegetable Lentil Soup,3
18-29,Pumpkin Pancake Mix,3
18-29,Organic Almonds,1
18-29,Strawberry Banana Smoothie Pack,2
18-29,Italian Pasta,2
18-29,Adjustable Pedicure Footrest,1
18-29,Smart Wi-Fi Light Bulbs,2
18-29,Mango Chili Salsa,1
18-29,Denim Jacket,2
18-29,Spaghetti Squash,2
18-29,Chocolate Hazelnut Spread,4
18-29,Dog Training Collar,1
18-29,Beef Stew Meat,3
18-29,Italian Herb Balsamic Marinade,1
18-29,Chickpea Snack Mix,1
18-29,Crispy Rice Treats,2
18-29,Smartphone Projector,2
18-29,Compact Refrigerator,3
18-29,Insulated Wine Tote,1
18-29,USB Flash Drive,4
18-29,Dog Walking Waist Pack,2
18-29,Customizable Name Puzzle,1
18-29,Miso Dressing,2
18-29,Teriyaki Sauce,1
50-65,Homemade Salsa,1
50-65,Chocolate Covered Pretzels,4
50-65,Zucchini Noodles,4
50-65,Whole Grain Cereal,1
50-65,Spicy BBQ Sauce,1
50-65,Decorative Wall Tapestry,3
50-65,Electric Food Slicer,1
50-65,Bird Feeder,4
50-65,Raisin Cinnamon Granola,1
50-65,Peanut Butter Cookies,1
50-65,Electric Heat Pad,2
50-65,Electric Food Slicer,3
50-65,Garam Masala Spice Blend,1
50-65,Classic Cheeseburger Mix,3
18-29,Denim Jacket,1
18-29,Sliced Provolone Cheese,1
18-29,Spicy Chicken Wings,3
18-29,Window A/C Unit,3
18-29,Multi-Function Smartphone Holder,1
18-29,Zucchini Noodle Pasta,1
30-49,High-Quality Yoga Block,1
30-49,Adjustable Kitchen Broom Stand,1
30-49,Coconut Granola,1
30-49,Bluetooth Tracker,2
30-49,Ceramic Cookware Set,1
30-49,Nutty Quinoa Salad,2
30-49,Zucchini Noodles,2
30-49,Stainless Steel Grater,1
30-49,Decorative Wall Tapestry,1
30-49,Portable Bluetooth Keyboard,2
30-49,Tomatillo Salsa,4
30-49,Sesame Noodles,1
50-65,Gardening Fairy Figurines,1
50-65,Wireless Earbuds Case,1
50-65,Vegetable Lentil Soup,1
50-65,Crispy Rice Treats,2
50-65,Peach Green Tea,1
50-65,Wireless Charging Station,3
50-65,Cinnamon Roll Protein Bar,1
30-49,Frozen Vegetarian Pizza,1
30-49,Mini Pretzels,4
30-49,Multi-Tool,1
30-49,Popcorn Chicken,1
30-49,Rice Pilaf Mix,1
30-49,Instant Mashed Potatoes,1
30-49,Overnight Duffle Bag,1
30-49,Pesto Pasta Sauce,3
30-49,Bird Feeder,4
30-49,Shatterproof Wine Glasses,4
30-49,Athletic Compression Tights,1
50-65,Electric Heat Press Machine,2
50-65,USB Flash Drive,1
50-65,Sliced Olives,3
50-65,Compact Umbrella,2
50-65,Whole Grain Hamburger Buns,4
50-65,Camping Chair with Cooler,2
50-65,BBQ Sauce,1
50-65,Sweet Potatoes,1
50-65,Overnight Duffle Bag,2
50-65,Smart Water Bottle,1
30-49,Chicken Broth,3
30-49,Chocolate Covered Pretzels,2
30-49,High-Speed Blender,1
30-49,Black Bean Soup,1
30-49,Wireless Induction Charger,3
30-49,Sweet Pea Hummus,1
30-49,Adjustable Kitchen Broom Stand,1
30-49,Kids' Educational Tablet,3
30-49,Memory Foam Pillow,1
30-49,Maple Pecan Pancake Mix,1
30-49,Electric Pressure Cooker,4
30-49,Pear and Gorgonzola Salad,2
30-49,Silicone Wine Glasses,1
30-49,High-Speed Blender,3
30-49,Savory Breakfast Sausage,1
30-49,LED Strip Lights Kit,1
30-49,Sweet Pea Hummus,1
30-49,Sturdy Bookends,2
18-29,Raspberry Lemonade Mix,1
18-29,Raspberry Lemonade Mix,2
18-29,Travel Makeup Organizer,1
18-29,Crispy Rice Treats,4
18-29,Wrap Jumpsuit,1
50-65,Sketchbook,2
50-65,Electric Heat Pad,3
50-65,Maple Breakfast Sausage,3
50-65,Portable Hammock Swing,1
50-65,Black Bean Soup,3
50-65,Organic Whole Wheat Flour,3
18-29,Sketchbook,1
18-29,Coconut Granola,1
18-29,Camping Chair with Cooler,2
18-29,Portable Bluetooth Keyboard,4
18-29,Window Bird Feeder,1
50-65,Silicone Stretch Lids,2
50-65,Peanut Butter Cookies,3
50-65,Electric Heating Pad,2
50-65,Portable Pet Stroller,1
50-65,Asian Salad Mix,1
50-65,Brussels Sprouts,2
50-65,Whole Chicken,2
30-49,Creamy Spinach Dip,1
30-49,Portable Solar Phone Charger,3
30-49,Portable Phone Charger,4
30-49,Portable Bluetooth Keyboard,1
30-49,Crispy Rice Treats,1
30-49,Reusable Produce Bags Set,1
30-49,Electric Food Slicer,1
30-49,Window A/C Unit,4
30-49,Italian Pasta,1
18-29,Ski Goggles,3
18-29,Pear and Gorgonzola Salad,3
18-29,Mango Chili Salsa,1
18-29,Herb-Infused Olive Oil,3
18-29,Ceramic Cookware Set,3
18-29,Buffalo Wing Sauce,1
18-29,Noise-Canceling Headphones,2
18-29,Silicone Wine Glasses,1
18-29,Wireless Earbuds Case,1
18-29,Sculpting Kit,3
18-29,Sweet Potatoes,1
18-29,Fire Roasted Salsa,1
18-29,Outdoor Camping Hammock,1
30-49,Electric Heat Pad,2
30-49,Beef Stew Meat,4
30-49,Recipe Book Stand,2
30-49,Granola Cereal,1
30-49,Vegetable Lentil Soup,1
30-49,Black Bean Soup,1
30-49,Peach Green Tea,1
30-49,Whole Chicken,2
18-29,Teriyaki Chicken Skewers,2
18-29,Herb Seasoned Couscous,1
18-29,Rice Cakes,1
18-29,Vegetable Fried Rice Mix,1
18-29,Cheesy Cauliflower Bake,3
18-29,Fishing Rod,1
18-29,Portable Hammock Swing,1
18-29,Marinated Artichokes,2
18-29,Portable Bluetooth Keyboard,2
18-29,Italian Pasta,4
50-65,Dual Function Electric Skillet,2
50-65,Smart WiFi Plug,1
50-65,Saffron Rice Mix,4
50-65,Brussels Sprouts,3
50-65,Tomatillo Salsa,1
50-65,Mobile Workbench,1
50-65,Herb-Infused Olive Oil,1
50-65,Collapsible Folding Chair,3
50-65,Customizable Name Puzzle,3
50-65,Veggie Burger Patties,1
30-49,Yoga Mat Carrier,2
30-49,Sketchbook,4
30-49,Travel Makeup Organizer,1
30-49,Non-Toxic Concrete Sealer,3
30-49,Kale Chips,1
30-49,Sturdy Bookends,2
50-65,Chicken Broth,1
50-65,Whole Grain Hamburger Buns,1
50-65,Noise-Canceling Headphones,1
50-65,Children's Science Experiment Lab Kit,1
50-65,Almond Butter Crunch Bar,2
50-65,Granola Cereal,1
50-65,Greek Yogurt,1
50-65,Wireless Induction Charger,2
50-65,Magnetic Spice Jars,1
50-65,Portable Speaker Stand,3
18-29,Collapsible Folding Chair,1
18-29,Oversized Denim Shirt,1
18-29,Crispy Rice Treats,1
18-29,Mobile Workbench,1
18-29,Board Game,1
18-29,Pet Water Bottle,1
18-29,Pineapple Coconut Yogurt,1
50-65,Herb Seasoned Couscous,1
50-65,Ultra-Thin Laptop Sleeve,1
50-65,Pet Grooming Kit,2
50-65,Vegetable Spring Rolls,1
50-65,Children's Backpack,1
50-65,Frozen Fruit Medley,2
50-65,Chili Lime Seasoning,3
50-65,Wireless Earbud Silicone Covers,2
50-65,Ceramic Cookware Set,1
50-65,Stainless Steel Grater,2
50-65,Popcorn Chicken,3
50-65,Couscous Mix,1
18-29,Smart LED Light Strip,1
18-29,Bamboo Cotton Tank Top,4
18-29,Toilet Paper (12 rolls),3
18-29,Tea Set with Infuser,2
18-29,Veggie Burger Patties,1
18-29,Silicone Baking Mat,1
18-29,Pet Water Bottle,4
18-29,Raspberry Tart,1
18-29,Portable Speaker Stand,2
50-65,Portable Solar Path Lights,1
50-65,Mango Chutney,1
50-65,BBQ Sauce,3
50-65,Organic Blueberries,1
50-65,Chicken Fajita Kit,3
50-65,Classic Cheeseburger Mix,3
30-49,Stuffed Bell Peppers,1
30-49,Sweet Potato and Chickpea Bowl,1
30-49,Face Mask Set,1
30-49,Pumpkin Pancake Mix,1
30-49,Maple Pecan Pancake Mix,1
30-49,Set of Silicone Cooking Utensils,4
30-49,Kale Chips,3
30-49,Coconut Chia Pudding,2
30-49,Infrared Space Heater,1
30-49,Zucchini Noodles,1
30-49,Maple Breakfast Sausage,3
30-49,Recipe Book Stand,1
30-49,Foldable Picnic Table,1
30-49,Almond Joy Munch Bars,1
30-49,Creamy Garlic Dressing,4
30-49,Board Game Storage,3
30-49,Heavy-Duty Utility Tote,1
30-49,Portable Jump Starter,1
30-49,Compact Umbrella,4
30-49,Maple Glazed Carrots,1
30-49,Crispy Rice Treats,2
30-49,Mini Waffle Maker,1
30-49,Wrap Jumpsuit,1
30-49,Teriyaki Beef Jerky,2
30-49,Zucchini Noodle Pasta,2
50-65,Sriracha Chili Sauce,3
50-65,Rechargeable Battery Organizer,1
50-65,Creamy Garlic Dressing,3
50-65,Nail Polish Set,1
50-65,Pumpkin Pancake Mix,2
50-65,Ranch Dressing,2
50-65,Fitness Resistance Bands,1
50-65,Caramel Apple Taffy,2
50-65,Karaoke Microphone,1
50-65,Pecan Nuts,3
50-65,Herb-Infused Olive Oil,2
50-65,Herb-Infused Olive Oil,4
50-65,Organic Quinoa Chips,2
50-65,Crispy Rice Treats,1
50-65,Foldable Picnic Table,1
50-65,Adjustable Window Blind,1
50-65,Sesame Noodles,4
30-49,Almond Joy Munch Bars,1
30-49,Wi-Fi Enabled Smart Light Switch,3
30-49,Chickpea Snack Mix,1
30-49,Greek Yogurt,2
30-49,Sustainable Wooden Toys,1
30-49,Athletic Compression Tights,2
18-29,Kids' Art Supplies Kit,1
18-29,Black Bean Soup,1
18-29,Plant-Based Meal Prep Containers,2
18-29,Organic Tomato Ketchup,2
18-29,Energy Protein Bars,4
18-29,Coconut Bowls Set,2
18-29,Sweet Potato and Chickpea Bowl,1
18-29,Outdoor Camping Lantern,1
18-29,Window Bird Feeder,1
18-29,Pet Water Bottle,1
30-49,Compact Umbrella,2
30-49,Classic White T-Shirt,2
30-49,Hiking Water Bottle with Filter,1
30-49,Pumpkin Pancake Mix,2
30-49,Maple Pecan Pancake Mix,1
30-49,Whole Chicken,2
50-65,Solar Power Bank,3
50-65,Noise-Canceling Headphones,2
50-65,Electric Food Slicer,1
50-65,Spinach Feta Wraps,2
18-29,Coconut Bowls Set,1
18-29,Cheesy Cauliflower Bake,1
18-29,Popcorn Chicken,4
18-29,Lentils,1
50-65,Board Game Storage,1
50-65,Italian Herb Balsamic Marinade,3
50-65,Oven-Baked Sweet Potato Fries,1
50-65,Board Game,1
30-49,Hydration Backpack,1
30-49,Satin Slip Dress,4
30-49,Electric Griddle,2
30-49,Mini Fondue Set,2
30-49,Car Phone Mount,2
30-49,Fitness Resistance Bands,1
30-49,Digital Stopwatch Timer,3
30-49,Veggie Burger Patties,1
30-49,Cable Knit Cardigan,2
30-49,Wireless Charging Station,1
30-49,Spinach Feta Wraps,3
50-65,Roasted Garlic Mashed Potatoes,2
50-65,Adjustable Kitchen Broom Stand,3
50-65,Children's Science Experiment Lab Kit,1
50-65,Miso Soup Mix,1
50-65,BBQ Sauce,1
50-65,Smartphone Projector,1
50-65,Vegetable Sushi Rolls,2
50-65,Wall-Mounted Organizer,1
50-65,Bird Feeder,1
30-49,Self-Cleaning Water Bottle,1
30-49,Air Purifier,1
30-49,Chocolate Hazelnut Spread,2
30-49,Mini Fondue Set,2
30-49,Wireless Earbuds Case,1
30-49,Customizable Name Puzzle,3
30-49,Digital Stopwatch Timer,3
30-49,Window Bird Feeder,3
30-49,Coconut Cream Pie,1
30-49,Sturdy Bookends,1
30-49,Car Sunshade,2
30-49,Herb Seasoned Couscous,1
30-49,Whole Wheat Pasta,1
30-49,Ultra-Thin Laptop Sleeve,1
30-49,Herbed Goat Cheese,2
30-49,Eco-Friendly Disposable Plates,3
30-49,Coconut Granola,1
30-49,Compact Umbrella,1
30-49,Organic Whole Wheat Flour,1
30-49,Fitness Balance Ball,1
30-49,Spinach Feta Wraps,1
30-49,Elderberry Syrup,2
30-49,Homemade Salsa,1
30-49,Microfiber Cleaning Cloth Set,1
30-49,Wireless Earbuds Case,1
30-49,Mobile Workbench,1
30-49,Educational STEM Kit,2
30-49,Creamy Garlic Dressing,2
30-49,Stainless Steel BBQ Grill Set,4
30-49,Action Camera,3
30-49,Fitness Balance Ball,1
30-49,Teriyaki Sauce,2
30-49,Basmati Rice,2
30-49,Homemade Salsa,3
30-49,Miso Soup Mix,1
30-49,Bamboo Cotton Tank Top,3
30-49,Tomatillo Salsa,2
30-49,Reclining Camping Chair,1
18-29,Insulated Wine Tote,1
18-29,Elderberry Syrup,1
18-29,Organic Whole Grain Oats,1
18-29,Organic Whole Grain Oats,3
18-29,Homemade Salsa,1
18-29,Homemade Salsa,2
18-29,Hiking Water Bottle with Filter,3
18-29,Ripped Boyfriend Jeans,3
18-29,Dog Walking Waist Pack,2
18-29,Miso Dressing,3
18-29,Classic Cheeseburger Mix,4
30-49,Karaoke Microphone,2
30-49,Dog Walking Waist Pack,1
30-49,Nutty Quinoa Salad,1
30-49,Crispy Rice Treats,1
30-49,Apple Cinnamon Breakfast Muffins,2
30-49,Herbal Tea Set,1
50-65,Vegetable Spring Rolls,4
50-65,Coconut Chia Pudding,1
50-65,Herbed Couscous,4
50-65,Decorative LED Neon Sign,4
50-65,Organic Vanilla Bean Ice Cream,3
50-65,Fitness Resistance Bands,1
50-65,Peach Green Tea,3
50-65,Window Bird Feeder,1
50-65,Puzzle Game Set,1
50-65,Hydration Backpack,1
50-65,Hydration Backpack,2
50-65,Bicycle Lock,1
50-65,BBQ Sauce,1
50-65,Kids' Educational Tablet,3
50-65,Fruit and Nut Medley,1
50-65,Dog Walking Waist Pack,3
50-65,Greek Yogurt,1
50-65,Foldable Picnic Table,3
50-65,Mobile Workbench,1
50-65,Cable Knit Cardigan,3
50-65,Faux Leather Leggings,3
50-65,DIY Candle Making Kit,2
50-65,Wireless Induction Charger,2
50-65,Magnetic Spice Jars,1
18-29,Insulated Wine Tote,2
18-29,Outdoor Portable Fire Pit,2
18-29,Foldable Picnic Table,1
50-65,Hydration Backpack,2
50-65,Coconut Flakes,1
50-65,Infrared Space Heater,1
50-65,Maple Breakfast Sausage,3
50-65,Greek Feta Cheese,3
50-65,Deluxe First Aid Kit,1
30-49,Sketchbook,2
30-49,Greek Feta Cheese,1
30-49,Portable Hammock Swing,3
30-49,Reusable Produce Bags Set,2
30-49,Apple Cinnamon Breakfast Muffins,3
30-49,Maple Pecan Pancake Mix,2
30-49,Organic Whole Grain Oats,4
30-49,Portable Blender,2
30-49,Organic Almonds,2
30-49,Overnight Duffle Bag,3
30-49,Garam Masala Spice Blend,1
30-49,Herbal Tea Set,2
18-29,Vegetable Spring Rolls,2
18-29,Children's Backpack,3
18-29,Smart Light Switch,1
18-29,Hiking Water Bottle with Filter,3
18-29,Silicone Wine Glasses,1
18-29,Sweet Potato and Chickpea Bowl,1
18-29,Sustainable Wooden Toys,1
18-29,Bird Feeder,3
18-29,Portable Speaker Stand,2
50-65,Portable Solar Path Lights,1
50-65,Picnic Blanket,3
50-65,Gardening Fairy Figurines,2
50-65,Portable Pet Stroller,2
50-65,Rice Pilaf Mix,1
50-65,Shatterproof Wine Glasses,1
30-49,Portable Solar Path Lights,1
30-49,Cotton Pajama Set,1
30-49,Board Game Storage,1
30-49,Silicone Baking Mat Set,3
30-49,Noise-Canceling Headphones,2
30-49,Rice Pilaf Mix,1
30-49,Smartphone Projector,2
30-49,Interchangeable Watch Bands,2
50-65,Frozen Vegetarian Pizza,1
50-65,Mango Chili Salsa,2
50-65,Smart LED Desk Lamp,3
50-65,Children's Backpack,1
50-65,Portable Jump Starter,2
50-65,Wireless Earbuds Case,1
50-65,Face Mask Set,2
50-65,Strawberry Rhubarb Jam,1
50-65,Outdoor Camping Hammock,1
50-65,Denim Jacket,1
50-65,Smart Wi-Fi Light Bulbs,3
50-65,Non-Stick Crepe Pan,3
50-65,Bamboo Memory Foam Pillow,3
50-65,Cork Yoga Mat,1
50-65,Cork Yoga Mat,3
50-65,Fire Roasted Salsa,1
50-65,LED Strip Lights Kit,2
50-65,High-Quality Yoga Block,2
50-65,Dual Function Electric Skillet,1
50-65,Apple Cinnamon Granola,3
50-65,Granola Clusters,1
50-65,Marinated Artichokes,1
50-65,Chocolate Hazelnut Spread,3
50-65,Dog Training Collar,1
50-65,Ceramic Cookware Set,1
50-65,Granola Cereal,1
50-65,Plant-Based Cookbook,2
50-65,Sweet Pea Hummus,3
50-65,Chicken Fajita Kit,3
50-65,Sturdy Bookends,1
50-65,Scented Candle Set,1
50-65,Vegetable Spring Rolls,1
50-65,Tandoori Chicken Skewers,1
50-65,Dog Training Collar,3
50-65,Set of Silicone Cooking Utensils,4
50-65,Coconut Cream Pie,2
30-49,Smart LED Light Strip,2
30-49,Chocolate Hazelnut Spread,2
30-49,Gaming Headset,1
30-49,Interchangeable Watch Bands,3
50-65,Gardening Fairy Figurines,3
50-65,Chocolate Hazelnut Spread,2
50-65,Ceramic Cookware Set,2
50-65,Oversized Denim Shirt,2
50-65,Fitness Balance Ball,3
50-65,Electric Heat Press Machine,1
50-65,Mango Chili Salsa,1
50-65,Italian Herb Balsamic Marinade,3
50-65,Memory Foam Pillow,2
50-65,Adjustable Pet Grooming Table,2
50-65,Pumpkin Seeds,1
50-65,Pumpkin Seeds,3
18-29,Crispy Onion Rings,3
18-29,Rolling Cooler,3
50-65,Ceramic Cookware Set,1
50-65,Heart-Shaped Baking Molds,1
50-65,Travel Pillow,2
18-29,Herb Seasoned Couscous,1
18-29,USB Flash Drive,1
18-29,Whole Wheat Pasta,1
18-29,Board Game Storage,3
18-29,Organic Quinoa Chips,2
18-29,Hiking Water Bottle with Filter,3
18-29,Frozen Fruit Medley,2
18-29,Miso Dressing,1
18-29,Foldable Picnic Table,3
18-29,Chicken Fajita Kit,1
18-29,Sesame Noodles,1
18-29,Italian Pasta,4
50-65,Dog Frisbee Toy,1
50-65,Cotton Pajama Set,1
50-65,Crispy Onion Rings,2
50-65,Savory Breakfast Sausage,2
50-65,Athletic Compression Tights,1
18-29,Chickpea Pancakes,1
18-29,Sliced Olives,2
18-29,Classic BBQ Sauce,1
18-29,Electric Kettle with Temperature Control,2
18-29,Cheesy Cauliflower Bake,3
18-29,Wireless Induction Charger,1
30-49,Basil Lemonade,1
30-49,Vegetable Fried Rice Mix,1
30-49,Chickpea Pancakes,1
30-49,Couscous Mix,2
30-49,Tea Set with Infuser,3
50-65,Portable Solar Path Lights,1
50-65,Rice Cakes,1
50-65,Hot Salsa,1
50-65,Peanut Butter Cookies,1
50-65,Zucchini Noodles,1
50-65,Outdoor Fire Pit,3
50-65,Maple Glazed Carrots,1
50-65,Adjustable Window Blind,1
50-65,Strawberry Banana Smoothie Pack,1
50-65,Kale Chips,1
50-65,Outdoor Camping Hammock,3
50-65,Rolling Cooler,3
50-65,Air Purifier,3
50-65,Herbed Couscous,4
50-65,Veggie Burger Patties,4
50-65,Strawberry Rhubarb Jam,3
50-65,Outdoor Camping Hammock,1
18-29,Denim Jacket,2
18-29,Creamy Garlic Dressing,1
18-29,Smart WiFi Plug,1
18-29,Plant-Based Meal Prep Containers,1
18-29,Greek Yogurt,2
18-29,Window Bird Feeder,3
18-29,Lentils,3
50-65,Bamboo Memory Foam Pillow,2
50-65,Outdoor Folding Table,1
50-65,Dog Walking Waist Pack,1
50-65,Wireless Charging Station,2
50-65,Interchangeable Watch Bands,3
30-49,Homemade Salsa,1
30-49,Silicone Stretch Lids,3
30-49,Herbed Goat Cheese,2
30-49,Plant-Based Cookbook,1
30-49,Nutty Quinoa Salad,2
50-65,Herb Seasoned Couscous,4
50-65,Board Game Storage,1
50-65,Wireless Keyboard and Mouse Combo,2
50-65,Dog Walking Waist Pack,2
50-65,Set of Silicone Cooking Utensils,1
30-49,Self-Cleaning Water Bottle,1
30-49,Window Bird Feeder,2
30-49,Compact Refrigerator,1
18-29,Cotton Pajama Set,1
18-29,Picnic Blanket,1
18-29,Sweet Potato Mash,3
18-29,Crispy Onion Rings,1
18-29,Cork Yoga Mat,3
18-29,Greek Yogurt,2
18-29,Scent Diffuser,1
18-29,Smart Wi-Fi Light Bulbs,1
18-29,Homemade Salsa,2
18-29,Sweet Potato Mash,1
18-29,Organic Quinoa Chips,4
18-29,Noise-Canceling Headphones,2
18-29,Sweet Potato and Chickpea Bowl,2
18-29,Strawberry Banana Smoothie Pack,1
18-29,Multi-Function Smartphone Holder,1
18-29,Silicone Stretch Lids,1
18-29,Wall-Mounted Spice Rack,1
18-29,Overnight Duffle Bag,2
30-49,Yoga Wheel,1
30-49,Yoga Mat Carrier,3
30-49,Vegetable Korma,2
30-49,Italian Pasta,1
30-49,Compact Refrigerator,1
30-49,Teriyaki Chicken Skewers,1
30-49,Whole Grain Hamburger Buns,2
30-49,Organic Vanilla Bean Ice Cream,1
30-49,Fishing Rod,3
30-49,Bamboo Memory Foam Pillow,1
30-49,LED Strip Lights Kit,2
30-49,Mobile Workbench,3
30-49,Cinnamon Roll Protein Bar,2
30-49,Quinoa and Kale Salad Kit,2
50-65,Cotton Pajama Set,1
50-65,Hydration Backpack,1
50-65,Mango Chili Salsa,3
50-65,Chocolate Covered Pretzels,1
50-65,Outdoor Portable Fire Pit,1
50-65,Hiking Water Bottle with Filter,2
50-65,Kids' Educational Tablet,1
50-65,Ranch Dressing,1
50-65,Peach Green Tea,2
50-65,Organic Tomato Ketchup,1
18-29,Scented Candle Set,1
18-29,Insulated Wine Tote,3
18-29,Chipotle Black Bean Salad,1
18-29,Electric Heating Pad,3
18-29,Pumpkin Pancake Mix,1
18-29,Fitness Resistance Bands,1
18-29,Tomatillo Salsa,3
18-29,Organic Tomato Ketchup,1
18-29,Energy Protein Bars,1
18-29,Stainless Steel Grater,1
18-29,Garlic and Herb Cream Cheese,1
18-29,Tea Set with Infuser,1
18-29,Portable Bluetooth Keyboard,1
18-29,Honey BBQ Ribs,1
18-29,Teriyaki Beef Jerky,1
18-29,Car Diagnostic Scanner,1
18-29,Zucchini Noodle Pasta,1
18-29,Multi-Tool,2
18-29,Beef Stew Meat,1
18-29,Silicone Baking Mat Set,3
18-29,Interchangeable Watch Bands,1
30-49,Sliced Olives,3
30-49,Wireless Keyboard and Mouse Combo,3
30-49,Popcorn Chicken,3
30-49,Frozen Vegetarian Pizza,1
30-49,Air Purifier,1
30-49,Herb-Infused Olive Oil,3
30-49,Non-Stick Crepe Pan,1
30-49,Dog Training Collar,1
30-49,Multi-Tool,3
30-49,Mango Chutney,1
30-49,Creamy Spinach Dip,3
30-49,Silicone Baking Mat Set,3
30-49,Vegetable Lentil Soup,2
30-49,Ranch Dressing,1
30-49,Tea Set with Infuser,2
30-49,Elderberry Syrup,3
30-49,Smart LED Light Strip,1
30-49,Ultra-Thin Laptop Sleeve,1
30-49,Sweet Potato Mash,1
30-49,Sliced Olives,4
30-49,Silicone Wine Glasses,1
30-49,Greek Feta Cheese,3
30-49,Portable Speaker Stand,2
30-49,Teriyaki Sauce,1
50-65,Whole Grain Cereal,1
50-65,Vegetable Lentil Soup,3
50-65,Organic Spinach,3
50-65,Sculpting Kit,1
50-65,Silicone Baking Mat,1
50-65,Silicone Baking Mat,3
50-65,Sesame Noodles,2
50-65,Sturdy Bookends,3
30-49,Hydration Backpack,2
30-49,Coconut Flakes,1
30-49,Granola Clusters,2
30-49,Chipotle Black Bean Salad,2
30-49,Ski Goggles,1
30-49,Smart Wi-Fi Light Bulbs,1
30-49,Apple Cinnamon Breakfast Muffins,1
30-49,Miso Dressing,4
30-49,Interchangeable Watch Bands,1
30-49,Sliced Provolone Cheese,3
30-49,Infrared Space Heater,1
30-49,Silicone Baking Molds,1
30-49,Silicone Baking Molds,2
30-49,DIY Candle Making Kit,1
30-49,Car Phone Mount,3
30-49,Educational STEM Kit,4
30-49,Dual Function Electric Skillet,1
30-49,Raisin Cinnamon Granola,1
30-49,Sliced Provolone Cheese,2
30-49,Heavy-Duty Utility Tote,1
30-49,Chickpea Snack Mix,4
30-49,Portable Phone Charger,1
30-49,Sliced Provolone Cheese,1
30-49,Spaghetti Squash,4
30-49,Ceramic Cookware Set,2
30-49,Stainless Steel Grater,2
30-49,Outdoor Fire Pit,3
30-49,Portable Pet Stroller,1
30-49,Saffron Rice Mix,1
30-49,Crispy Rice Treats,1
30-49,Memory Foam Pillow,3
30-49,Cat Scratching Post with Toys,1
50-65,Almond Joy Munch Bars,1
50-65,Pear and Gorgonzola Salad,4
50-65,Dog Frisbee Toy,3
50-65,Sliced Olives,1
50-65,Portable Jump Starter,2
50-65,Chipotle Black Bean Salad,2
50-65,Spicy Chicken Wings,2
50-65,Fire Roasted Salsa,4
50-65,Cinnamon Roll Protein Bar,3
30-49,Dual Function Electric Skillet,1
30-49,Spaghetti Squash,1
30-49,Vegetable Spring Rolls,1
30-49,Creamy Spinach Dip,1
30-49,Organic Vanilla Bean Ice Cream,1
30-49,Fishing Rod,1
30-49,Action Camera,1
30-49,Apricot Jam,2
30-49,Overnight Duffle Bag,4
18-29,Whole Wheat Pasta,2
18-29,Wi-Fi Enabled Smart Light Switch,1
18-29,Plant-Based Cookbook,1
18-29,Asian Salad Mix,2
18-29,Energy Protein Bars,1
30-49,Chili Lime Seasoning,3
30-49,Chipotle Black Bean Salad,1
30-49,Outdoor Fire Pit,1
30-49,Popcorn Chicken,1
30-49,Organic Spinach,1
30-49,Vegetable Sushi Rolls,1
30-49,Wireless Charging Station,1
30-49,Sturdy Bookends,1
50-65,Car Sunshade,1
50-65,Mini Fondue Set,1
50-65,Carrot Ginger Soup,1
50-65,Couscous Mix,1
50-65,Organic Tomato Ketchup,1
50-65,Board Game,2
50-65,Portable Speaker Stand,4
50-65,Rolling Cooler,1
30-49,Car Sunshade,2
30-49,Silicone Stretch Lids,2
30-49,Almond Butter Crunch Bar,1
30-49,Garlic and Herb Cream Cheese,1
30-49,Rice Pilaf Mix,1
30-49,Travel Pillow,2
30-49,Car Diagnostic Scanner,1
50-65,Stuffed Bell Peppers,2
50-65,Travel Mug with Leak-Proof Lid,1
50-65,Ceramic Cookware Set,3
50-65,LED Disco Ball Light,1
50-65,Couscous Mix,4
50-65,Fruit and Nut Medley,4
50-65,Sustainable Wooden Toys,4
50-65,Wireless Charging Station,1
50-65,Athletic Compression Tights,2
30-49,Yoga Wheel,1
30-49,Smart LED Desk Lamp,2
30-49,Ceramic Cookware Set,2
30-49,Nutty Quinoa Salad,2
50-65,Magnetic Spice Jars,1
50-65,Chocolate Covered Pretzels,1
50-65,Smart Light Switch,2
50-65,Face Mask Set,1
50-65,Chicken Fajita Kit,1
50-65,Chipotle Black Bean Salad,3
50-65,Wi-Fi Enabled Smart Light Switch,4
50-65,Sports Water Bottle with Infuser,1
50-65,Cork Yoga Mat,1
50-65,Pumpkin Pancake Mix,3
50-65,Spicy Chicken Wings,3
50-65,Frozen Pizza,2
50-65,Tomatillo Salsa,1
30-49,Sweet Potato Mash,3
30-49,Karaoke Microphone,1
30-49,Natural Fruit Snacks,3
30-49,Portable Solar Phone Charger,3
30-49,Honey BBQ Ribs,1
30-49,Gaming Headset,1
30-49,Car Diagnostic Scanner,3
18-29,Eco-Friendly Disposable Plates,1
18-29,Whole Grain Hamburger Buns,1
18-29,Fishing Rod,2
18-29,Overnight Duffle Bag,1
18-29,Car Sunshade,2
18-29,Pear and Gorgonzola Salad,3
18-29,Ultra-Thin Laptop Sleeve,1
18-29,Decorative LED Neon Sign,1
18-29,Whole Grain Hamburger Buns,2
18-29,Ceramic Cookware Set,2
18-29,Fishing Rod,1
18-29,Maple Glazed Carrots,2
18-29,Memory Foam Pillow,1
18-29,Garam Masala Spice Blend,4
18-29,Sweet Pea Hummus,2
18-29,Adjustable Window Blind,2
18-29,Wrap Jumpsuit,2
18-29,Chicken Fajita Kit,2
18-29,Wall-Mounted Organizer,1
50-65,Insulated Wine Tote,1
50-65,Sweet Potato Mash,4
50-65,Garlic and Herb Cream Cheese,2
50-65,Heart-Shaped Baking Molds,3
50-65,Veggie Burger Patties,1
50-65,Teriyaki Chicken Skewers,1
50-65,Carrot Ginger Soup,3
50-65,Kids' Gardening Tools Set,1
50-65,Frozen Fruit Medley,2
50-65,Cat Scratching Post with Toys,1
30-49,Basil Lemonade,1
30-49,Basil Lemonade,2
30-49,Ice Cream,1
30-49,Travel Pillow,4
30-49,Foldable Picnic Table,1
30-49,Educational STEM Kit,3
18-29,Organic Whole Grain Oats,1
18-29,Chocolate Covered Pretzels,1
18-29,Rice Cakes,2
18-29,Herbed Couscous,3
18-29,Hot Salsa,1
18-29,Coconut Bowls Set,1
18-29,Garlic Naan Bread,2
18-29,DIY Candle Making Kit,1
18-29,Car Phone Mount,1
18-29,Basil Lemonade,2
18-29,Yoga Wheel,1
18-29,Wireless Earbud Silicone Covers,2
18-29,Beef Stew Meat,1
18-29,Sweet Pea Hummus,1
18-29,Adjustable Dog Harness,1
18-29,Dog Frisbee Toy,1
18-29,Electric Heating Pad,2
18-29,Portable Hammock Swing,3
18-29,Rice Pilaf Mix,3
18-29,Brussels Sprouts,2
18-29,Coconut Cream Pie,1
18-29,Teriyaki Sauce,2
30-49,Natural Fruit Snacks,1
30-49,Vegetable Korma,3
30-49,Vegetable Lentil Soup,2
30-49,Fitness Resistance Bands,1
30-49,Sustainable Wooden Toys,1
30-49,Electric Pressure Cooker,1
30-49,Coconut Cream Pie,1
30-49,Portable Speaker Stand,2
30-49,Rolling Cooler,2
50-65,Chocolate Mint Cookies,1
50-65,Ice Cream,2
50-65,Classic BBQ Sauce,2
50-65,Granola Clusters,3
50-65,Mini Fondue Set,2
50-65,Carrot Ginger Soup,4
50-65,Toilet Paper (12 rolls),3
50-65,Organic Blueberries,1
50-65,Cat Scratching Post with Toys,1
50-65,Magnetic Spice Jars,1
18-29,Smart Wi-Fi Light Bulbs,1
18-29,Roasted Garlic Mashed Potatoes,2
18-29,Natural Fruit Snacks,2
18-29,Miso Soup Mix,1
18-29,Compact Umbrella,1
18-29,Brussels Sprouts,3
18-29,Vegetable Sushi Rolls,1
18-29,Educational STEM Kit,4
50-65,Smart Wi-Fi Light Bulbs,1
50-65,Gardening Fairy Figurines,1
50-65,Oversized Denim Shirt,2
50-65,Stainless Steel BBQ Grill Set,1
50-65,Wild Rice & Quinoa Mix,2
50-65,Organic Whole Wheat Flour,1
50-65,Adjustable Window Blind,2
30-49,USB Flash Drive,1
30-49,Mango Chili Salsa,2
30-49,Reusable Produce Bags Set,2
30-49,Veggie Burger Patties,1
30-49,Garam Masala Spice Blend,1
30-49,Pesto Pasta Sauce,2
30-49,Classic BBQ Sauce,3
30-49,Honey BBQ Ribs,1
30-49,Window A/C Unit,1
30-49,Sliced Olives,1
30-49,Kids' Art Supplies Kit,3
30-49,Smart Light Switch,4
30-49,Fruit and Nut Medley,2
30-49,Pet Training Pads,3
30-49,Roasted Red Pepper Hummus,2
30-49,Educational STEM Kit,1
30-49,Shatterproof Wine Glasses,3
50-65,Microfiber Cleaning Cloth Set,3
50-65,Herbed Goat Cheese,3
50-65,Fishing Rod,1
50-65,Pet Water Bottle,1
18-29,Satin Slip Dress,1
18-29,Portable Jump Starter,2
18-29,Face Mask Set,1
18-29,Portable Hammock Swing,4
18-29,Savory Breakfast Sausage,1
18-29,Children's Science Experiment Lab Kit,1
18-29,Non-Stick Crepe Pan,1
18-29,Faux Leather Leggings,3
18-29,Recipe Book Stand,3
18-29,Buffalo Wing Sauce,1
18-29,Kids' Gardening Tools Set,1
18-29,Asian Salad Mix,1
18-29,Window Bird Feeder,2
50-65,Chocolate Hazelnut Spread,1
50-65,Wireless Earbuds Case,1
50-65,Puzzle Game Set,2
50-65,Set of Silicone Cooking Utensils,4
30-49,Yoga Wheel,1
30-49,Coconut Granola,1
30-49,Coconut Granola,3
30-49,Heart-Shaped Baking Molds,1
30-49,Sturdy Bookends,2
30-49,Bird Feeder,2
50-65,Insulated Wine Tote,2
50-65,Satin Slip Dress,1
50-65,Vegetable Fried Rice Mix,3
50-65,Nail Polish Set,1
50-65,Carrot Ginger Soup,1
50-65,Bluetooth Tracker,2
50-65,Vegetarian Pizza,4
50-65,Bamboo Cotton Tank Top,1
50-65,Smart WiFi Plug,1
50-65,Ribbed Knit Dress,1
50-65,Mini Waffle Maker,3
50-65,Organic Tomato Ketchup,1
50-65,Wireless Charging Station,1
50-65,Strawberry Banana Smoothie Pack,1
50-65,Zucchini Noodle Pasta,2
50-65,Dark Chocolate Covered Raisins,3
50-65,Energy Protein Bars,2
50-65,Whole Chicken,1
30-49,Greek Yogurt,2
30-49,Adjustable Pet Grooming Table,3
30-49,Board Game,1
30-49,Pumpkin Seeds,1
30-49,Compact Refrigerator,4
50-65,Car Sunshade,1
50-65,Self-Cleaning Water Bottle,1
50-65,Coconut Chia Pudding,2
50-65,Organic Vanilla Bean Ice Cream,1
50-65,Rechargeable Laptop Battery Pack,2
50-65,Kids' Educational Tablet,2
50-65,Saffron Rice Mix,3
50-65,Honey BBQ Ribs,3
50-65,Sweet Potato & Kale Hash,1
50-65,Italian Pasta,2
30-49,Rice Cakes,2
30-49,Chickpea Pancakes,3
30-49,Heavy-Duty Utility Tote,1
30-49,Garlic and Herb Cream Cheese,2
30-49,Spicy BBQ Sauce,4
30-49,Wrap Jumpsuit,2
30-49,Chicken Fajita Kit,3
30-49,Chicken Fajita Kit,4
30-49,Compact Refrigerator,3
50-65,Children's Science Experiment Lab Kit,2
50-65,Heavy-Duty Utility Tote,2
50-65,Outdoor Folding Table,2
50-65,Toilet Paper (12 rolls),2
50-65,Outdoor Camping Lantern,1
50-65,Electric Kettle with Temperature Control,3
50-65,Car Diagnostic Scanner,2
30-49,Carrot Ginger Soup,4
30-49,Dried Cranberries,3
30-49,Shatterproof Wine Glasses,3
18-29,Cotton Pajama Set,2
18-29,Organic Whole Grain Oats,1
18-29,Karaoke Microphone,2
18-29,Creamy Spinach Dip,4
18-29,Heart-Shaped Baking Molds,3
18-29,Non-Toxic Concrete Sealer,2
18-29,Organic Blueberries,3
18-29,Silicone Baking Mat,2
30-49,Whole Wheat Pasta,1
30-49,Vegetable Fried Rice Mix,1
30-49,Sliced Olives,1
30-49,Cheesy Cauliflower Bake,1
30-49,Silicone Baking Mat Set,3
30-49,Portable Blender,1
30-49,Car Phone Mount,3
30-49,LED Strip Lights Kit,1
30-49,Adjustable Dog Harness,3
50-65,Homemade Salsa,1
50-65,Creamy Garlic Dressing,1
50-65,Bamboo Cutting Board,2
50-65,Sketchbook,3
50-65,Classic BBQ Sauce,1
50-65,Multi-Tool,4
50-65,Organic Almonds,1
50-65,Crispy Rice Treats,1
50-65,Cinnamon Roll Protein Bar,1
50-65,Educational STEM Kit,2
50-65,Rolling Cooler,3
50-65,Cherry Almond Protein Bar,1
50-65,Air Purifier,1
50-65,Mini Pretzels,3
50-65,Smart Light Switch,1
50-65,Wireless Earbuds Case,2
50-65,Portable Solar Phone Charger,1
50-65,Smart WiFi Plug,3
50-65,Fruit and Nut Medley,2
50-65,Travel Makeup Organizer,1
50-65,Adjustable Window Blind,3
50-65,Window A/C Unit,1
50-65,Dark Chocolate Covered Raisins,3
50-65,Basmati Rice,1
50-65,Mango Chili Salsa,1
50-65,Nail Polish Set,3
50-65,Children's Backpack,1
50-65,Digital Stopwatch Timer,2
50-65,Caramel Apple Taffy,1
50-65,Compact Refrigerator,2
30-49,Whole Wheat Pasta,3
30-49,Outdoor Portable Fire Pit,4
30-49,Electric Heat Pad,1
30-49,Chipotle Black Bean Salad,1
30-49,DIY Candle Making Kit,2
30-49,Sports Water Bottle with Infuser,2
30-49,Italian Herb Balsamic Marinade,3
30-49,Rice Pilaf Mix,2
30-49,Portable Ice Maker,1
30-49,Picnic Blanket,2
30-49,Fruit and Nut Medley,4
30-49,Wireless Charging Station,2
50-65,Roasted Garlic Mashed Potatoes,1
50-65,Savory Mushroom Risotto,2
50-65,Portable Blender,1
50-65,Whole Grain Mustard,2
50-65,Compact Refrigerator,1
50-65,Wild Rice & Quinoa Mix,1
50-65,Set of Silicone Cooking Utensils,3
18-29,Coconut Bowls Set,1
18-29,Heavy-Duty Utility Tote,2
18-29,Kids' Art Supplies Kit,1
18-29,Ceramic Cookware Set,1
18-29,Portable Bluetooth Keyboard,3
18-29,Mini Waffle Maker,2
50-65,Cherry Almond Protein Bar,1
50-65,Homemade Salsa,1
50-65,Garlic Naan Bread,2
50-65,Dog Walking Waist Pack,3
50-65,Sweet Potatoes,1
50-65,Sweet Potatoes,3
50-65,Electric Pressure Cooker,1
50-65,Strawberry Rhubarb Jam,1
50-65,Wall-Mounted Organizer,1
50-65,Sturdy Bookends,1
30-49,Chocolate Mint Cookies,1
30-49,Eco-Friendly Disposable Plates,2
30-49,Organic Quinoa Chips,4
30-49,Cork Yoga Mat,2
30-49,Memory Foam Pillow,2
30-49,Pet Water Bottle,1
30-49,Raspberry Tart,1
30-49,Magnetic Spice Jars,1
50-65,Sketchbook,1
50-65,Multi-Tool,1
50-65,Ceramic Cookware Set,1
50-65,Crispy Rice Treats,1
50-65,Sweet Pea Hummus,1
50-65,Interchangeable Watch Bands,1
30-49,Noise-Canceling Headphones,4
30-49,Portable Phone Charger,2
30-49,Bamboo Cotton Tank Top,1
30-49,Face Mask Set,2
30-49,Organic Almonds,1
30-49,Miso Dressing,3
30-49,Zucchini Noodle Pasta,3
18-29,Self-Cleaning Water Bottle,1
18-29,Coconut Chia Pudding,2
18-29,BBQ Sauce,1
18-29,Greek Feta Cheese,1
18-29,Toilet Paper (12 rolls),1
18-29,Thyme,2
18-29,Roasted Red Pepper Hummus,1
18-29,Sweet Pea Hummus,2
18-29,Spinach Feta Wraps,3
30-49,Ski Goggles,2
30-49,Sliced Provolone Cheese,2
30-49,Rice Cakes,1
30-49,Compact Umbrella,1
30-49,Organic Vanilla Bean Ice Cream,1
30-49,Vegetable Korma,1
30-49,Dried Cranberries,1
30-49,Digital Stopwatch Timer,3
30-49,Magnetic Spice Jars,2
30-49,Basmati Rice,1
30-49,Infrared Space Heater,3
30-49,Herbed Goat Cheese,1
30-49,Sketchbook,2
30-49,Smart Light Switch,1
30-49,Organic Vanilla Bean Ice Cream,1
30-49,Smart WiFi Plug,1
30-49,Honey BBQ Ribs,1
30-49,Memory Foam Pillow,2
30-49,Portable Speaker Stand,1
30-49,Apple Cinnamon Granola,3
30-49,Rice Pilaf Mix,4
30-49,Customizable Name Puzzle,2
30-49,Fitness Balance Ball,1
18-29,Cherry Almond Protein Bar,3
18-29,Sliced Provolone Cheese,1
18-29,Satin Slip Dress,1
18-29,Classic White T-Shirt,1
18-29,Granola Cereal,4
18-29,Tea Set with Infuser,3
18-29,Apricot Jam,1
30-49,Smart LED Light Strip,2
30-49,Nail Polish Set,1
30-49,Granola Cereal,1
30-49,Electric Heating Pad,2
30-49,Ripped Boyfriend Jeans,1
30-49,Couscous Mix,1
30-49,Rice Pilaf Mix,3
30-49,Electric Kettle with Temperature Control,3
50-65,Pear and Gorgonzola Salad,4
50-65,USB Flash Drive,3
50-65,Basmati Rice,4
50-65,Silicone Wine Glasses,1
50-65,Ripped Boyfriend Jeans,3
50-65,Spicy Chicken Wings,2
50-65,Organic Almonds,3
50-65,Crispy Rice Treats,1
50-65,Roasted Red Pepper Hummus,1
50-65,Cable Knit Cardigan,1
50-65,Window A/C Unit,1
50-65,Pet Water Bottle,3
50-65,Satin Slip Dress,3
50-65,Apple Cinnamon Granola,1
50-65,Savory Mushroom Risotto,2
50-65,Portable Pet Stroller,1
50-65,Window A/C Unit,2
50-65,Lentils,1
30-49,Ski Goggles,1
30-49,Ranch Dressing,2
30-49,Outdoor Camping Lantern,3
30-49,Wireless Induction Charger,1
30-49,Smart Water Bottle,1
30-49,Electric Kettle with Temperature Control,1
30-49,Wireless Charging Station,1
30-49,Coconut Cream Pie,1
30-49,Energy Protein Bars,3
30-49,Microfiber Cleaning Cloth Set,1
30-49,Rice Cakes,1
30-49,Yoga Mat Carrier,2
30-49,Herbed Goat Cheese,1
30-49,Sketchbook,1
30-49,Kids' Art Supplies Kit,1
30-49,DIY Candle Making Kit,1
30-49,Spicy Chicken Wings,1
30-49,Sweet Potato & Kale Hash,4
30-49,Lemon Herb Chicken,1
30-49,Car Sunshade,3
30-49,Herb Seasoned Couscous,2
30-49,Creamy Garlic Dressing,1
30-49,Wireless Earbud Silicone Covers,3
30-49,Fishing Rod,2
30-49,Granola Cereal,4
30-49,Portable Solar Phone Charger,1
30-49,Wall-Mounted Spice Rack,2
30-49,Lentils,2
50-65,Elderberry Syrup,1
50-65,Organic Whole Grain Oats,1
50-65,Herbed Couscous,1
50-65,Creamy Garlic Dressing,1
50-65,Italian Herb Balsamic Marinade,2
30-49,Teriyaki Chicken Skewers,1
30-49,High-Quality Yoga Block,1
30-49,Basil Lemonade,2
30-49,Chocolate Mint Cookies,2
30-49,Dog Training Collar,1
30-49,Vegetable Sushi Rolls,2
18-29,Self-Cleaning Water Bottle,2
18-29,Zucchini Noodles,1
18-29,Mini Fondue Set,3
18-29,Silicone Baking Mat Set,1
18-29,Organic Spinach,4
18-29,Wild Rice & Quinoa Mix,1
18-29,Mobile Workbench,3
18-29,Pet Water Bottle,2
18-29,Educational STEM Kit,2
30-49,Pet Grooming Kit,3
30-49,Bamboo Cutting Board,1
30-49,BBQ Sauce,2
30-49,Granola Cereal,3
30-49,Portable Phone Charger,2
30-49,Popcorn Chicken,1
30-49,Wall-Mounted Spice Rack,3
30-49,Digital Stopwatch Timer,2
30-49,Garam Masala Spice Blend,4
30-49,Portable Pet Stroller,2
30-49,Black Bean Soup,3
30-49,Outdoor Camping Lantern,4
30-49,Honey BBQ Ribs,1
30-49,Overnight Duffle Bag,1
30-49,Sustainable Wooden Toys,3
30-49,Pesto Pasta Sauce,3
30-49,Teriyaki Chicken Skewers,1
30-49,Roasted Garlic Mashed Potatoes,2
30-49,Adjustable Kitchen Broom Stand,3
30-49,Sliced Provolone Cheese,4
30-49,Dog Walking Waist Pack,2
30-49,Organic Almonds,1
30-49,Portable Speaker Stand,2
50-65,Pear and Gorgonzola Salad,3
50-65,Asian Salad Mix,1
50-65,Noise-Canceling Headphones,1
50-65,Plant-Based Cookbook,3
50-65,Decorative Wall Tapestry,1
50-65,Sweet Potato & Kale Hash,2
50-65,Classic Cheeseburger Mix,2
50-65,Electric Heat Press Machine,1
50-65,Self-Cleaning Water Bottle,1
50-65,Ultra-Thin Laptop Sleeve,3
50-65,Classic Caesar Dressing,1
50-65,Beef Stew Meat,1
50-65,Electric Heating Pad,1
50-65,Italian Herb Balsamic Marinade,1
50-65,Nutty Quinoa Salad,4
50-65,Fitness Resistance Bands,3
18-29,Teriyaki Chicken Skewers,1
18-29,Ice Cream,2
18-29,Wireless Keyboard and Mouse Combo,2
18-29,Mini Fondue Set,4
18-29,Faux Leather Leggings,2
18-29,Crispy Onion Rings,2
18-29,Portable Pet Stroller,1
18-29,Rechargeable Laptop Battery Pack,1
18-29,Fire Roasted Salsa,4
18-29,Puzzle Game Set,1
18-29,Dual Function Electric Skillet,2
18-29,Elderberry Syrup,3
18-29,Herbed Couscous,2
18-29,Eco-Friendly Disposable Plates,3
18-29,Silicone Baking Mat Set,4
18-29,Travel Makeup Organizer,2
18-29,Herbal Tea Set,1
18-29,Reclining Camping Chair,1
18-29,Electric Pressure Cooker,3
50-65,Car Sunshade,1
50-65,Elderberry Syrup,1
50-65,Chocolate Hazelnut Spread,1
50-65,Creamy Spinach Dip,1
50-65,LED Strip Lights Kit,1
18-29,Denim Jacket,4
18-29,Pet Grooming Kit,1
18-29,Chocolate Hazelnut Spread,2
18-29,Saffron Rice Mix,1
18-29,Travel Makeup Organizer,3
18-29,Sweet Potatoes,1
18-29,Pineapple Coconut Yogurt,1
18-29,Educational STEM Kit,2
30-49,Pear and Gorgonzola Salad,2
30-49,Cork Yoga Mat,1
30-49,Chickpea Snack Mix,1
30-49,Oven-Baked Sweet Potato Fries,1
50-65,Ski Goggles,3
50-65,Microfiber Cleaning Cloth Set,3
50-65,Oversized Denim Shirt,2
50-65,Outdoor Camping Lantern,1
50-65,Multi-Function Smartphone Holder,1
50-65,Kale Chips,1
50-65,Shatterproof Wine Glasses,2
50-65,Peanut Butter Cookies,1
50-65,Zucchini Noodles,1
50-65,Mini Fondue Set,1
50-65,Maple Glazed Carrots,1
50-65,Greek Yogurt,3
50-65,Silicone Baking Mat,3
50-65,Rolling Cooler,1
30-49,Garlic Naan Bread,2
30-49,Window A/C Unit,1
30-49,Chicken Fajita Kit,3
30-49,Classic Cheeseburger Mix,1
30-49,Mediterranean Couscous Salad,1
30-49,Spinach Feta Wraps,1
18-29,Pear and Gorgonzola Salad,1
18-29,Vegetarian Pizza,2
18-29,Vegetable Korma,4
18-29,Set of Silicone Cooking Utensils,1
18-29,Adjustable Dog Harness,2
18-29,Pineapple Coconut Yogurt,2
50-65,High-Quality Yoga Block,2
50-65,Sketchbook,1
50-65,Carrot Ginger Soup,4
50-65,Mango Chutney,3
50-65,Raspberry Lemonade Mix,1
50-65,Whole Grain Mustard,3
50-65,Customizable Name Puzzle,1
50-65,Mini Waffle Maker,2
50-65,Vegetable Quinoa Bowl,2
50-65,Gaming Headset,3
50-65,Wall-Mounted Organizer,2
50-65,Educational STEM Kit,2
50-65,Ski Goggles,1
50-65,Chicken Broth,1
50-65,Basmati Rice,3
50-65,Classic White T-Shirt,2
50-65,Recipe Book Stand,2
50-65,Fruit and Nut Medley,1
50-65,Veggie Burger Patties,2
30-49,Cheesy Cauliflower Bake,2
30-49,Vegetarian Pizza,1
30-49,Crispy Onion Rings,1
30-49,Compact Shoe Rack,2
30-49,Instant Mashed Potatoes,2
30-49,Mobile Workbench,1
30-49,Spinach Feta Wraps,4
50-65,Portable Pet Stroller,1
50-65,Adjustable Pet Grooming Table,1
50-65,Adjustable Kitchen Broom Stand,2
50-65,Apple Cinnamon Granola,4
50-65,Chocolate Hazelnut Spread,2
50-65,Organic Blueberries,1
50-65,Pet Water Bottle,2
18-29,Chili Lime Seasoning,1
18-29,Compact Shoe Rack,3
18-29,Sweet Potatoes,2
18-29,Fire Roasted Salsa,3
18-29,Wrap Jumpsuit,4
18-29,Dark Chocolate Covered Raisins,4
18-29,Compact Refrigerator,2
50-65,Chili Lime Seasoning,3
50-65,Pear and Gorgonzola Salad,1
50-65,Whole Wheat Pasta,1
50-65,Rechargeable Battery Organizer,2
50-65,Smart LED Desk Lamp,1
50-65,Silicone Stretch Lids,2
50-65,Children's Backpack,4
50-65,Classic White T-Shirt,1
50-65,Beef Stew Meat,1
50-65,Bluetooth Tracker,3
50-65,Smartphone Projector,1
50-65,Miso Dressing,1
50-65,Pumpkin Seeds,1
50-65,Raspberry Tart,1
50-65,Spinach Feta Wraps,1
30-49,Chocolate Hazelnut Spread,1
30-49,Miso Soup Mix,2
30-49,Bluetooth Tracker,3
30-49,Granola Cereal,1
30-49,Rechargeable Laptop Battery Pack,1
30-49,Fruit and Nut Medley,1
30-49,Tea Set with Infuser,4
30-49,Brussels Sprouts,1
30-49,Memory Foam Pillow,1
30-49,Organic Tomato Ketchup,2
30-49,Almond Joy Munch Bars,3
30-49,Sketchbook,2
30-49,Dog Training Collar,3
30-49,DIY Candle Making Kit,1
30-49,LED Disco Ball Light,2
30-49,Travel Pillow,4
30-49,Travel Makeup Organizer,3
30-49,Action Camera,3
30-49,Car Diagnostic Scanner,2
30-49,Sesame Noodles,3
30-49,Athletic Compression Tights,1
30-49,Herb Seasoned Couscous,1
30-49,Roasted Garlic Mashed Potatoes,1
30-49,Vegetable Spring Rolls,1
30-49,Camping Chair with Cooler,3
30-49,Black Bean Soup,1
30-49,Coconut Cream Pie,2
30-49,Shatterproof Wine Glasses,1
50-65,Car Sunshade,2
50-65,Almond Joy Munch Bars,2
50-65,Coconut Granola,2
50-65,Buffalo Wing Sauce,3
50-65,Outdoor Camping Lantern,3
50-65,Kale Chips,2
50-65,Classic Cheeseburger Mix,2
30-49,High-Quality Yoga Block,4
30-49,Basmati Rice,2
30-49,Mango Chutney,3
30-49,Greek Yogurt,4
30-49,Set of Silicone Cooking Utensils,3
30-49,Rolling Cooler,1
18-29,Sports Water Bottle with Infuser,1
18-29,Popcorn Chicken,2
18-29,Fruit and Nut Medley,1
18-29,Greek Yogurt,1
18-29,Fire Roasted Salsa,3
18-29,Wrap Jumpsuit,1
18-29,Vegetable Sushi Rolls,1
18-29,Organic Blueberries,1
18-29,Maple Pecan Pancake Mix,1
18-29,Gaming Headset,3
18-29,Car Diagnostic Scanner,1
18-29,Silicone Baking Mat,1
30-49,Compact Shoe Rack,1
30-49,Ribbed Knit Dress,1
30-49,Adjustable Dog Harness,2
30-49,Sustainable Wooden Toys,1
50-65,Stuffed Bell Peppers,1
50-65,Electric Heat Pad,1
50-65,Children's Backpack,2
50-65,Fishing Rod,1
50-65,Ribbed Knit Dress,2
50-65,Fitness Resistance Bands,1
50-65,Adjustable Window Blind,2
50-65,Sweet Potato & Kale Hash,1
30-49,Portable Solar Path Lights,1
30-49,Adjustable Pedicure Footrest,1
30-49,Hydration Backpack,2
30-49,Ice Cream,1
30-49,Face Mask Set,2
30-49,Set of Silicone Cooking Utensils,2
30-49,Compact Refrigerator,2
30-49,Picnic Blanket,2
30-49,Sliced Olives,1
30-49,Classic Caesar Dressing,2
30-49,Granola Cereal,1
30-49,Portable Speaker Stand,1
30-49,Quinoa and Kale Salad Kit,2
30-49,Hot Salsa,1
30-49,Peanut Butter Cookies,2
30-49,Black Bean Soup,3
30-49,Tea Set with Infuser,4
30-49,Reclining Camping Chair,1
30-49,Dark Chocolate Covered Raisins,1
30-49,Car Sunshade,1
30-49,High-Quality Yoga Block,3
30-49,Silicone Baking Molds,1
30-49,Italian Herb Balsamic Marinade,3
30-49,Rechargeable Laptop Battery Pack,1
30-49,Multi-Function Smartphone Holder,1
30-49,Cat Scratching Post with Toys,3
30-49,Dark Chocolate Covered Raisins,4
30-49,Raspberry Tart,1
50-65,Elderberry Syrup,1
50-65,Coconut Bowls Set,1
50-65,Mango Chutney,3
50-65,Wireless Earbuds Case,1
50-65,Black Bean Soup,2
50-65,Brussels Sprouts,2
50-65,Organic Tomato Ketchup,2
50-65,Wireless Charging Station,1
50-65,Compact Refrigerator,1
50-65,Almond Joy Munch Bars,2
50-65,Sketchbook,1
30-49,Portable Jump Starter,1
30-49,Ceramic Cookware Set,3
30-49,Oversized Denim Shirt,1
30-49,Noise-Canceling Headphones,2
30-49,Dog Walking Waist Pack,2
30-49,Tomatillo Salsa,1
30-49,Wireless Induction Charger,1
30-49,Vegetable Sushi Rolls,3
30-49,Ski Goggles,1
30-49,Roasted Garlic Mashed Potatoes,2
30-49,Rice Cakes,1
30-49,Organic Quinoa Chips,1
30-49,Educational STEM Kit,2
18-29,Tandoori Chicken Skewers,1
18-29,Tandoori Chicken Skewers,2
18-29,Outdoor Fire Pit,2
18-29,Nutty Quinoa Salad,3
18-29,Smartphone Projector,3
30-49,Pecan Nuts,2
30-49,Garlic Naan Bread,1
30-49,Granola Cereal,2
30-49,Spicy BBQ Sauce,2
30-49,Action Camera,1
30-49,Organic Whole Wheat Flour,2
30-49,Greek Yogurt,4
30-49,Foldable Picnic Table,1
30-49,Mobile Workbench,1
30-49,Smart Water Bottle,1
30-49,Electric Kettle with Temperature Control,1
30-49,Mediterranean Couscous Salad,2
50-65,Adjustable Pedicure Footrest,3
50-65,Almond Butter Crunch Bar,3
50-65,Wireless Keyboard and Mouse Combo,1
50-65,Stainless Steel Grater,3
50-65,Raspberry Lemonade Mix,1
50-65,Instant Mashed Potatoes,3
50-65,Magnetic Spice Jars,3
50-65,Adjustable Pedicure Footrest,1
50-65,Smart Light Switch,1
50-65,Sports Water Bottle with Infuser,1
50-65,LED Disco Ball Light,2
50-65,Pet Training Pads,2
50-65,Sweet Potatoes,2
50-65,Wall-Mounted Organizer,1
50-65,Outdoor Camping Hammock,2
30-49,Pear and Gorgonzola Salad,1
30-49,Classic Caesar Dressing,2
30-49,Bluetooth Tracker,1
30-49,Cheesy Cauliflower Bake,2
30-49,Fitness Resistance Bands,4
30-49,Fitness Balance Ball,1
30-49,Puzzle Game Set,1
30-49,Herbal Tea Set,2
30-49,Mediterranean Couscous Salad,1
30-49,Spinach Feta Wraps,1
18-29,Hydration Backpack,2
18-29,Chocolate Hazelnut Spread,4
18-29,Ceramic Cookware Set,3
18-29,Granola Cereal,2
18-29,Bamboo Cotton Tank Top,2
18-29,Adjustable Pet Grooming Table,1
50-65,Air Purifier,2
50-65,Dog Training Collar,1
50-65,Bluetooth Tracker,1
50-65,Tea Set with Infuser,2
50-65,Sturdy Bookends,1
50-65,Quinoa and Kale Salad Kit,2
50-65,Teriyaki Sauce,1
50-65,Rolling Cooler,1
50-65,Herb Seasoned Couscous,3
50-65,Crispy Onion Rings,1
50-65,Spicy BBQ Sauce,1
50-65,Deluxe First Aid Kit,1
50-65,Maple Pecan Pancake Mix,2
50-65,Lentils,1
18-29,Cotton Pajama Set,1
18-29,Rechargeable Battery Organizer,1
18-29,Karaoke Microphone,3
18-29,Silicone Wine Glasses,4
18-29,Sweet Potato and Chickpea Bowl,3
18-29,Teriyaki Beef Jerky,3
18-29,Energy Protein Bars,1
18-29,Teriyaki Sauce,1
18-29,Spinach Feta Wraps,3
18-29,Eco-Friendly Disposable Plates,1
18-29,Faux Leather Leggings,2
18-29,Whole Grain Cereal,1
18-29,Honey BBQ Ribs,1
18-29,Fitness Balance Ball,1
18-29,Apple Cinnamon Breakfast Muffins,2
18-29,Energy Protein Bars,1
30-49,Basil Lemonade,3
30-49,Adjustable Kitchen Broom Stand,1
30-49,Classic BBQ Sauce,2
30-49,Carrot Ginger Soup,2
30-49,LED Disco Ball Light,4
30-49,Wild Rice & Quinoa Mix,1
30-49,Travel Pillow,1
30-49,Adjustable Dog Harness,1
30-49,Magnetic Spice Jars,1
30-49,Car Sunshade,1
30-49,Rice Cakes,2
30-49,Cheesy Cauliflower Bake,3
30-49,Vegetable Lentil Soup,2
30-49,Car Phone Mount,3
30-49,Adjustable Window Blind,2
30-49,Children's Science Experiment Lab Kit,4
30-49,Hydration Backpack,1
30-49,Nail Polish Set,3
30-49,Heavy-Duty Utility Tote,2
30-49,Pumpkin Pancake Mix,4
30-49,Athletic Compression Tights,1
50-65,Tandoori Chicken Skewers,4
50-65,Plant-Based Cookbook,2
50-65,Bamboo Cotton Tank Top,1
50-65,Ranch Dressing,2
50-65,Saffron Rice Mix,1
50-65,Chicken Fajita Kit,1
30-49,Coconut Granola,3
30-49,Fishing Rod,2
30-49,Crispy Onion Rings,3
30-49,Sports Water Bottle with Infuser,1
30-49,Travel Makeup Organizer,3
30-49,Dried Cranberries,2
30-49,Wireless Induction Charger,1
30-49,Wireless Induction Charger,3
30-49,Organic Tomato Ketchup,1
30-49,Vegetable Sushi Rolls,1
30-49,Silicone Baking Mat,1
30-49,Pesto Pasta Sauce,2
30-49,Pineapple Coconut Yogurt,2
30-49,Teriyaki Chicken Skewers,1
30-49,Heavy-Duty Utility Tote,1
30-49,Spicy BBQ Sauce,2
30-49,Wall-Mounted Spice Rack,1
30-49,Rolling Cooler,3
50-65,Sweet Potato Mash,3
50-65,Pecan Nuts,3
50-65,Chocolate Mint Cookies,2
50-65,Hiking Water Bottle with Filter,2
50-65,Portable Phone Charger,1
50-65,Instant Mashed Potatoes,2
50-65,Greek Yogurt,2
50-65,Strawberry Banana Smoothie Pack,1
50-65,Lentils,1
50-65,Dark Chocolate Covered Raisins,1
50-65,Classic Cheeseburger Mix,3
50-65,Outdoor Portable Fire Pit,3
50-65,Black Bean Soup,2
50-65,Raspberry Tart,1
30-49,Sliced Provolone Cheese,1
30-49,Infrared Space Heater,1
30-49,Savory Mushroom Risotto,1
30-49,Camping Chair with Cooler,1
30-49,Greek Feta Cheese,4
30-49,Sweet Potato and Chickpea Bowl,1
30-49,Asian Salad Mix,2
30-49,Decorative Wall Tapestry,3
30-49,Foldable Picnic Table,1
30-49,Electric Pressure Cooker,2
30-49,Shatterproof Wine Glasses,1
30-49,Athletic Compression Tights,2
50-65,Dog Frisbee Toy,1
50-65,Vegetable Lentil Soup,3
50-65,Maple Glazed Carrots,1
50-65,Roasted Red Pepper Hummus,1
50-65,Scent Diffuser,1
50-65,Italian Pasta,3
30-49,Coconut Chia Pudding,1
30-49,Organic Spinach,3
30-49,Saffron Rice Mix,2
30-49,Miso Dressing,1
30-49,Sweet Pea Hummus,1
30-49,Pumpkin Spice Latte Mix,4
30-49,Smart LED Light Strip,1
30-49,Mango Chili Salsa,2
30-49,Cheesy Cauliflower Bake,1
30-49,Vegetable Korma,3
30-49,Electric Heating Pad,1
30-49,Smart WiFi Plug,3
30-49,Rice Pilaf Mix,3
30-49,Peach Green Tea,2
30-49,Apple Cinnamon Breakfast Muffins,1
30-49,Organic Tomato Ketchup,1
30-49,Strawberry Banana Smoothie Pack,1
30-49,Car Sunshade,1
30-49,DIY Candle Kit,1
30-49,Children's Science Experiment Lab Kit,1
30-49,Creamy Spinach Dip,2
30-49,Stainless Steel Grater,1
30-49,Heart-Shaped Baking Molds,1
18-29,Miso Soup Mix,2
18-29,Children's Backpack,3
18-29,Granola Clusters,3
18-29,Beef Stew Meat,1
18-29,Outdoor Folding Table,3
18-29,Portable Pet Stroller,4
18-29,Saffron Rice Mix,4
18-29,Smartphone Projector,2
18-29,Set of Silicone Cooking Utensils,2
18-29,Portable Speaker Stand,1
18-29,Compact Refrigerator,1
30-49,Sriracha Chili Sauce,1
30-49,Board Game Storage,1
30-49,Ice Cream,1
30-49,Recipe Book Stand,1
30-49,Buffalo Wing Sauce,2
30-49,Electric Food Slicer,2
30-49,Sustainable Wooden Toys,1
30-49,Zucchini Noodle Pasta,2
30-49,Teriyaki Sauce,4
50-65,Silicone Stretch Lids,1
50-65,Nail Polish Set,2
50-65,Non-Toxic Concrete Sealer,2
50-65,Shatterproof Wine Glasses,1
18-29,Ultra-Thin Laptop Sleeve,1
18-29,Chocolate Covered Pretzels,1
18-29,Wireless Earbud Silicone Covers,3
18-29,Multi-Tool,1
18-29,Outdoor Fire Pit,3
18-29,Smart WiFi Plug,2
18-29,Crispy Rice Treats,2
18-29,Sweet Pea Hummus,3
18-29,Cinnamon Roll Protein Bar,1
18-29,Educational STEM Kit,1
18-29,Classic Cheeseburger Mix,3
30-49,Ski Goggles,1
30-49,Bamboo Cotton Tank Top,3
30-49,Kids' Educational Tablet,1
30-49,Apricot Jam,3
30-49,Fire Roasted Salsa,3
30-49,Set of Silicone Cooking Utensils,1
30-49,Quinoa and Kale Salad Kit,2
50-65,Children's Backpack,2
50-65,Garlic Naan Bread,1
50-65,Vegetarian Pizza,2
50-65,LED Disco Ball Light,2
50-65,Saffron Rice Mix,2
50-65,Outdoor Camping Lantern,1
50-65,Fire Roasted Salsa,2
50-65,Sriracha Chili Sauce,1
50-65,Denim Jacket,4
50-65,High-Quality Yoga Block,2
50-65,Ultra-Thin Laptop Sleeve,2
50-65,Homemade Salsa,1
50-65,Whole Grain Hamburger Buns,1
50-65,High-Speed Blender,3
30-49,Denim Jacket,2
30-49,Pear and Gorgonzola Salad,1
30-49,Spaghetti Squash,1
30-49,Tandoori Chicken Skewers,2
30-49,BBQ Sauce,1
30-49,Face Mask Set,2
30-49,High-Speed Blender,2
30-49,Decorative Wall Tapestry,1
30-49,Tea Set with Infuser,1
30-49,Gaming Headset,1
30-49,Strawberry Banana Smoothie Pack,2
30-49,Wall-Mounted Organizer,1
50-65,Hydration Backpack,1
50-65,Children's Backpack,4
50-65,Wi-Fi Enabled Smart Light Switch,2
50-65,Fishing Rod,3
50-65,Reclining Camping Chair,1
50-65,Bird Feeder,1
50-65,Pumpkin Spice Latte Mix,3
18-29,Bicycle Lock,1
18-29,Peanut Butter Cookies,1
18-29,Hiking Water Bottle with Filter,4
18-29,Popcorn Chicken,1
18-29,Vegetable Quinoa Bowl,3
18-29,Strawberry Banana Smoothie Pack,1
30-49,Microfiber Cleaning Cloth Set,1
30-49,Portable Jump Starter,2
30-49,Organic Quinoa Chips,1
30-49,Mini Fondue Set,2
50-65,Classic BBQ Sauce,1
50-65,Classic BBQ Sauce,3
50-65,Travel Mug with Leak-Proof Lid,1
50-65,Mango Chutney,1
50-65,Noise-Canceling Headphones,1
50-65,Wall-Mounted Spice Rack,2
50-65,Electric Pressure Cooker,1
50-65,Pumpkin Seeds,1
50-65,Pesto Pasta Sauce,2
50-65,Energy Protein Bars,4
50-65,Interchangeable Watch Bands,1
50-65,Chicken Broth,3
50-65,Sketchbook,1
50-65,Natural Fruit Snacks,2
50-65,Miso Soup Mix,2
50-65,Cheesy Cauliflower Bake,2
50-65,Creamy Spinach Dip,3
50-65,Kids' Educational Tablet,1
50-65,Sliced Provolone Cheese,1
50-65,Vegetable Fried Rice Mix,1
50-65,Travel Mug with Leak-Proof Lid,4
50-65,Organic Vanilla Bean Ice Cream,1
50-65,Sweet Potato and Chickpea Bowl,1
50-65,Sweet Potato and Chickpea Bowl,4
50-65,Cable Knit Cardigan,2
50-65,Children's Science Experiment Lab Kit,1
50-65,Outdoor Fire Pit,3
50-65,Frozen Pizza,2
50-65,Strawberry Banana Smoothie Pack,1
50-65,Electric Pressure Cooker,2
50-65,Pet Water Bottle,1
50-65,Mediterranean Couscous Salad,4
50-65,Lemon Herb Chicken,1
50-65,Adjustable Pedicure Footrest,1
50-65,Chocolate Covered Pretzels,1
50-65,Organic Quinoa Chips,1
30-49,Sriracha Chili Sauce,4
30-49,Satin Slip Dress,1
30-49,Smart LED Desk Lamp,2
30-49,Granola Clusters,1
30-49,Creamy Spinach Dip,2
30-49,Granola Cereal,1
30-49,Electric Heating Pad,2
30-49,Pumpkin Pancake Mix,1
30-49,Wrap Jumpsuit,2
18-29,Coconut Chia Pudding,1
18-29,Non-Stick Crepe Pan,2
18-29,Instant Mashed Potatoes,2
18-29,Wall-Mounted Spice Rack,3
18-29,Set of Silicone Cooking Utensils,3
30-49,Car Sunshade,1
30-49,Cotton Pajama Set,4
30-49,Sweet Potato Mash,3
30-49,Hot Salsa,2
30-49,Outdoor Portable Fire Pit,1
30-49,Almond Butter Crunch Bar,1
30-49,Instant Mashed Potatoes,2
30-49,Kale Chips,1
30-49,Rice Cakes,2
30-49,Vegetable Fried Rice Mix,1
30-49,Electric Heat Pad,3
30-49,Bluetooth Tracker,3
30-49,Maple Pecan Pancake Mix,4
30-49,Caramel Apple Taffy,1
18-29,Wireless Keyboard and Mouse Combo,1
18-29,Maple Breakfast Sausage,1
18-29,Buffalo Wing Sauce,3
18-29,Ripped Boyfriend Jeans,2
18-29,Honey BBQ Ribs,1
18-29,Garam Masala Spice Blend,3
18-29,Reclining Camping Chair,2
18-29,Organic Whole Grain Oats,4
18-29,Tandoori Chicken Skewers,1
18-29,Toilet Paper (12 rolls),3
18-29,Ribbed Knit Dress,2
18-29,Memory Foam Pillow,3
18-29,Wireless Charging Station,2
18-29,Lemon Herb Chicken,1
30-49,Ski Goggles,1
30-49,Whole Wheat Pasta,2
30-49,Basmati Rice,2
30-49,Sliced Olives,1
30-49,Portable Blender,1
30-49,Organic Spinach,1
30-49,Savory Breakfast Sausage,1
30-49,Greek Yogurt,1
30-49,Honey BBQ Ribs,2
30-49,Sweet Potato & Kale Hash,1
30-49,Coconut Cream Pie,3
30-49,Adjustable Pedicure Footrest,2
30-49,Chocolate Covered Pretzels,4
30-49,Wireless Earbuds Case,1
30-49,Adjustable Dog Harness,1
50-65,Beef Stew Meat,1
50-65,Marinated Artichokes,1
50-65,Portable Bluetooth Keyboard,4
50-65,Sriracha Chili Sauce,3
50-65,Rice Pilaf Mix,1
50-65,Thyme,1
50-65,Electric Food Slicer,1
50-65,Scent Diffuser,1
50-65,Raisin Cinnamon Granola,1
50-65,Nail Polish Set,2
50-65,Children's Backpack,1
50-65,Portable Jump Starter,1
50-65,Creamy Spinach Dip,1
50-65,Portable Pet Stroller,1
50-65,Bamboo Cotton Tank Top,2
50-65,Asian Salad Mix,3
50-65,Rice Pilaf Mix,1
50-65,Peach Green Tea,1
50-65,Car Diagnostic Scanner,3
30-49,Ice Cream,1
30-49,Electric Heat Pad,2
30-49,Portable Blender,1
30-49,Whole Grain Mustard,2
30-49,Maple Pecan Pancake Mix,1
30-49,Sturdy Bookends,3
30-49,Athletic Compression Tights,1
30-49,Car Sunshade,2
30-49,Self-Cleaning Water Bottle,4
30-49,Cotton Pajama Set,2
30-49,Wireless Earbuds Case,3
30-49,Smart WiFi Plug,3
30-49,Peach Green Tea,1
18-29,Non-Toxic Concrete Sealer,2
18-29,Thyme,2
18-29,Roasted Red Pepper Hummus,3
18-29,Spinach Feta Wraps,1
50-65,Microfiber Cleaning Cloth Set,2
50-65,Peanut Butter Cookies,1
50-65,Beef Stew Meat,2
50-65,Buffalo Wing Sauce,1
50-65,Portable Solar Phone Charger,1
50-65,Fruit and Nut Medley,1
50-65,Pet Training Pads,1
30-49,Electric Heat Press Machine,2
30-49,Silicone Stretch Lids,1
30-49,Granola Clusters,1
30-49,Fishing Rod,4
30-49,BBQ Sauce,4
30-49,Silicone Wine Glasses,3
30-49,Outdoor Camping Lantern,1
30-49,Compact Refrigerator,2
18-29,Dual Function Electric Skillet,1
18-29,Raisin Cinnamon Granola,2
18-29,Gardening Fairy Figurines,2
18-29,Herbed Goat Cheese,1
18-29,Dog Training Collar,2
18-29,Mango Chutney,2
18-29,Vegetable Lentil Soup,1
18-29,Travel Pillow,4
18-29,Peach Green Tea,1
18-29,Mini Waffle Maker,1
30-49,Car Sunshade,4
30-49,Adjustable Pedicure Footrest,2
30-49,Adjustable Kitchen Broom Stand,1
30-49,Hydration Backpack,1
30-49,Rechargeable Battery Organizer,1
30-49,Classic BBQ Sauce,1
30-49,Whole Grain Hamburger Buns,3
30-49,Ceramic Cookware Set,3
30-49,Chickpea Snack Mix,1
30-49,Popcorn Chicken,3
30-49,Car Phone Mount,1
30-49,Roasted Red Pepper Hummus,1
30-49,Apple Cinnamon Breakfast Muffins,1
30-49,Herbal Tea Set,1
30-49,LED Strip Lights Kit,1
30-49,Dark Chocolate Covered Raisins,1
50-65,Sriracha Chili Sauce,1
50-65,Children's Science Experiment Lab Kit,1
50-65,Smart LED Light Strip,1
50-65,Miso Soup Mix,4
50-65,Coconut Granola,1
30-49,DIY Candle Kit,2
30-49,Basmati Rice,1
30-49,Herbed Couscous,1
30-49,Herbed Goat Cheese,2
30-49,Vegetable Lentil Soup,4
30-49,Instant Mashed Potatoes,1
30-49,Organic Blueberries,1
30-49,Electric Heat Press Machine,1
30-49,Organic Whole Wheat Flour,3
30-49,Miso Dressing,3
30-49,Silicone Baking Mat,1
30-49,Cinnamon Roll Protein Bar,1
18-29,Air Purifier,3
18-29,Almond Joy Munch Bars,1
18-29,Chickpea Pancakes,3
18-29,Whole Grain Hamburger Buns,4
18-29,Whole Grain Cereal,1
18-29,Garlic and Herb Cream Cheese,1
18-29,Smart WiFi Plug,1
18-29,Board Game,3
18-29,Electric Kettle with Temperature Control,3
18-29,Lentils,1
18-29,Compact Refrigerator,1
18-29,Coconut Chia Pudding,1
18-29,Vegetarian Pizza,1
18-29,Bamboo Cotton Tank Top,1
18-29,Travel Pillow,1
18-29,Scent Diffuser,2
18-29,Maple Pecan Pancake Mix,1
18-29,Shatterproof Wine Glasses,2
18-29,Compact Refrigerator,3
30-49,Spaghetti Squash,1
30-49,Spaghetti Squash,3
30-49,Bicycle Lock,1
30-49,Pecan Nuts,1
30-49,Bluetooth Tracker,1
30-49,Plant-Based Meal Prep Containers,3
30-49,Reclining Camping Chair,1
30-49,Wireless Charging Station,1
30-49,Strawberry Banana Smoothie Pack,2
18-29,Classic BBQ Sauce,3
18-29,Wall-Mounted Spice Rack,3
18-29,Wireless Induction Charger,1
18-29,Energy Protein Bars,1
18-29,Almond Joy Munch Bars,1
18-29,Smart LED Desk Lamp,2
18-29,Dog Training Collar,2
18-29,BBQ Sauce,2
18-29,Outdoor Fire Pit,2
18-29,Foldable Picnic Table,2
30-49,Electric Griddle,2
30-49,Sweet Potato and Chickpea Bowl,1
30-49,Fitness Balance Ball,2
30-49,Wireless Charging Station,1
30-49,Portable Speaker Stand,1
30-49,Lemon Herb Chicken,1
30-49,Raisin Cinnamon Granola,3
30-49,Almond Butter Crunch Bar,1
30-49,Silicone Baking Molds,2
30-49,Travel Mug with Leak-Proof Lid,1
30-49,Multi-Tool,1
30-49,Compact Umbrella,2
30-49,Organic Quinoa Chips,1
30-49,Bamboo Memory Foam Pillow,4
30-49,Car Phone Mount,2
30-49,Wall-Mounted Spice Rack,2
30-49,Oven-Baked Sweet Potato Fries,2
30-49,Foldable Picnic Table,1
30-49,Basmati Rice,2
30-49,Zucchini Noodles,1
30-49,Portable Jump Starter,4
30-49,Portable Pet Stroller,1
30-49,Black Bean Soup,1
30-49,Pet Training Pads,1
30-49,Roasted Red Pepper Hummus,2
30-49,LED Strip Lights Kit,1
30-49,Air Purifier,1
30-49,Pet Grooming Kit,1
30-49,Multi-Tool,3
30-49,Beef Stew Meat,1
30-49,Outdoor Folding Table,1
30-49,Roasted Garlic Mashed Potatoes,2
30-49,Vegetable Fried Rice Mix,2
30-49,Non-Stick Crepe Pan,2
30-49,Silicone Wine Glasses,2
30-49,Italian Herb Balsamic Marinade,2
30-49,Electric Kettle with Temperature Control,1
30-49,Pet Water Bottle,3
