order_id,item_number,quantity_ordered
20032791,574414940629,1
20032791,574418072861,2
20032791,574436245688,2
20032791,574479307520,2
20032792,574421798775,1
20032792,574444397620,2
20032792,574460715123,3
20032792,574488776629,4
20032793,574413072327,2
20032793,574414940629,1
20032793,574418848329,1
20032793,574441977397,2
20032793,574486240019,4
20032794,574405947145,1
20032794,574411236759,2
20032794,574412010806,1
20032794,574437877616,3
20032794,574447791484,2
20032794,574463211808,2
20032794,574463832528,1
20032794,574491379250,2
20032795,574401713944,3
20032795,574406778568,2
20032795,574410540967,1
20032795,574434828631,3
20032795,574438453481,4
20032795,574440875862,1
20032795,574447736272,4
20032795,574447766696,3
20032795,574463926476,4
20032795,574491058128,2
20032795,574492698849,1
20032796,574402712185,1
20032796,574407557549,3
20032796,574422716529,1
20032796,574426410602,1
20032796,574455531242,2
20032796,574465679850,3
20032797,574412307019,1
20032797,574469180387,3
20032797,574481577431,1
20032798,574404486681,2
20032798,574409856524,1
20032798,574461829917,1
20032798,574462722455,1
20032798,574479307520,2
20032798,574493175249,1
20032799,574401147676,1
20032799,574407818572,1
20032799,574429133945,1
20032799,574442310089,1
20032799,574449563565,1
20032799,574453954332,1
20032799,574462596083,2
20032799,574482475820,3
20032800,574407491158,2
20032800,574418621774,2
20032800,574428086068,2
20032800,574429488233,1
20032800,574441377813,1
20032800,574447952203,3
20032800,574455531242,1
20032800,574467656334,2
20032800,574482475820,1
20032800,574487861166,2
20032800,574488005980,1
20032801,574407491158,1
20032801,574424372201,1
20032801,574443710884,2
20032801,574445585740,1
20032801,574447447436,3
20032801,574477444550,2
20032801,574479307520,3
20032801,574488966550,1
20032802,574420563766,3
20032802,574439320782,2
20032802,574479262198,3
20032803,574414940629,1
20032803,574418480066,1
20032803,574428512332,1
20032803,574441977397,1
20032803,574445670446,3
20032803,574451956079,1
20032803,574454962518,1
20032803,574458415882,2
20032803,574466871240,1
20032803,574479307520,1
20032803,574486687622,1
20032803,574496278286,1
20032804,574412321822,2
20032804,574453288646,2
20032804,574453973300,1
20032804,574478826008,1
20032804,574492632066,1
20032805,574402712185,3
20032805,574410016368,1
20032805,574412581907,1
20032805,574416065933,1
20032805,574417982593,1
20032805,574428512332,2
20032805,574428785109,2
20032805,574435203929,2
20032805,574443722596,1
20032805,574449413194,1
20032805,574453697906,2
20032805,574454962518,2
20032805,574465673455,1
20032805,574492290565,1
20032806,574451416037,4
20032806,574466662197,2
20032806,574466871240,2
20032806,574483841626,3
20032806,574485896560,2
20032807,574403982995,4
20032807,574411236759,1
20032807,574421798775,3
20032807,574422397958,1
20032807,574422969524,1
20032807,574432268235,1
20032807,574445764513,2
20032807,574451651808,1
20032807,574458771689,1
20032807,574460434923,4
20032807,574494963149,1
20032808,574401698889,2
20032808,574447736272,1
20032808,574456888414,1
20032808,574458771689,4
20032808,574469086975,3
20032808,574475479981,1
20032808,574489065209,1
20032809,574412010806,1
20032809,574418284210,2
20032809,574429212394,1
20032809,574475172017,2
20032809,574486541227,1
20032809,574495597477,2
20032810,574407491158,2
20032810,574431792763,1
20032810,574442765000,1
20032810,574462722455,4
20032810,574475479981,2
20032811,574442871613,1
20032811,574443710884,2
20032811,574469260378,3
20032811,574481475306,1
20032811,574491379250,2
20032812,574412581907,1
20032812,574422277538,1
20032812,574426573494,1
20032812,574480889866,1
20032812,574486491838,2
20032812,574488966550,3
20032813,574422183148,1
20032813,574422969524,3
20032813,574426034895,1
20032813,574431102926,1
20032813,574435203929,4
20032813,574449413194,2
20032813,574455531242,2
20032813,574463211808,1
20032813,574468433018,1
20032813,574477444550,1
20032813,574486541227,1
20032814,574402632161,1
20032814,574408012913,2
20032814,574414940629,3
20032814,574450690379,2
20032814,574465679850,1
20032814,574475590649,1
20032814,574479894192,1
20032814,574486851339,3
20032815,574404185391,3
20032815,574414940629,1
20032815,574438636758,1
20032815,574444342577,4
20032815,574444946807,1
20032815,574450619102,3
20032815,574452909883,3
20032815,574457102141,1
20032815,574462659403,2
20032815,574483180267,1
20032815,574487861166,2
20032815,574493175249,2
20032816,574404270735,1
20032816,574418647592,1
20032816,574447736272,2
20032816,574466772854,1
20032816,574475789355,1
20032816,574491296256,2
20032817,574401698889,1
20032817,574413759826,2
20032817,574435203929,1
20032817,574438439324,1
20032817,574475172017,2
20032817,574483804747,1
20032817,574492290565,1
20032817,574492698849,1
20032818,574435544770,1
20032818,574438439324,2
20032818,574447447436,1
20032818,574469567187,1
20032818,574486061106,1
20032818,574491765163,2
20032819,574404486681,2
20032819,574405088157,1
20032819,574405088157,3
20032819,574429162411,1
20032819,574442255972,1
20032819,574489256792,3
20032820,574404486681,2
20032820,574422969524,2
20032820,574429133945,1
20032820,574441556000,1
20032820,574446788380,1
20032820,574467607197,2
20032821,574413072327,3
20032821,574419782725,2
20032821,574422969524,1
20032821,574438439324,2
20032821,574439320782,2
20032821,574442255972,3
20032821,574444829298,2
20032821,574445854142,1
20032821,574447766696,1
20032821,574453353917,2
20032821,574458771689,1
20032821,574459160316,2
20032821,574460295437,4
20032821,574479307520,2
20032821,574486061106,1
20032821,574486170068,1
20032821,574495597477,3
20032822,574426015271,4
20032822,574429732656,3
20032822,574431679997,1
20032822,574450619102,1
20032822,574458625940,1
20032822,574473526600,1
20032822,574475789355,2
20032822,574486240019,1
20032823,574411236759,3
20032823,574412287351,2
20032823,574431275012,3
20032823,574445585740,2
20032823,574468433018,1
20032823,574468433018,2
20032823,574484586646,2
20032824,574405088157,3
20032824,574445764513,4
20032824,574446788380,2
20032824,574479927820,3
20032825,574409189656,2
20032825,574411987173,1
20032825,574460295437,1
20032826,574409856524,3
20032826,574412581907,1
20032826,574431792763,1
20032826,574480616369,1
20032826,574482797416,3
20032826,574483180267,1
20032827,574406778568,2
20032827,574418628663,1
20032827,574428512332,4
20032827,574428785109,1
20032827,574439320782,1
20032827,574458415882,3
20032827,574484192162,1
20032827,574488776629,2
20032828,574403916710,1
20032828,574404185391,3
20032828,574418072861,3
20032828,574426287708,2
20032828,574446859498,1
20032828,574454801871,2
20032829,574418108881,1
20032829,574423480773,1
20032829,574425108790,1
20032829,574425627658,1
20032829,574426034895,3
20032829,574426573494,1
20032830,574418848329,1
20032830,574424087903,2
20032830,574428086068,1
20032830,574444946807,4
20032830,574448214582,2
20032830,574471319164,2
20032830,574486061106,2
20032831,574419782725,1
20032831,574433647086,1
20032831,574434828631,2
20032831,574438188638,1
20032831,574451824139,1
20032831,574453697906,1
20032831,574460715123,2
20032831,574462722455,3
20032831,574479927820,1
20032831,574481475306,3
20032831,574483122289,1
20032831,574485560570,1
20032831,574491296256,2
20032832,574405088157,1
20032832,574418108881,1
20032832,574429212394,1
20032832,574435203929,2
20032832,574437177669,2
20032832,574443710884,3
20032832,574451416037,3
20032832,574483804747,2
20032833,574421188684,3
20032833,574431766661,3
20032833,574438439324,2
20032833,574442310089,2
20032833,574445854142,3
20032833,574451824139,1
20032833,574453712859,1
20032833,574462596083,1
20032833,574475172017,2
20032833,574478494650,1
20032833,574486491838,1
20032833,574490216669,1
20032833,574496278286,1
20032834,574404486681,1
20032834,574406689788,1
20032834,574413072327,2
20032834,574416462413,2
20032834,574420177284,2
20032834,574430069266,1
20032834,574447791484,3
20032834,574449605896,2
20032834,574454801871,1
20032834,574455531242,2
20032834,574471319164,1
20032835,574408899571,2
20032835,574418480066,1
20032835,574418628663,3
20032835,574420563766,1
20032835,574423924138,1
20032835,574431766661,2
20032835,574451677118,1
20032835,574472908417,1
20032835,574474333877,1
20032835,574474791408,1
20032835,574483841626,3
20032836,574416727803,2
20032836,574422183148,3
20032836,574428086068,2
20032836,574434828631,3
20032836,574443710884,1
20032836,574453973300,4
20032836,574473526600,1
20032836,574477709209,1
20032836,574479927820,1
20032836,574481602994,2
20032836,574491296256,1
20032837,574407818572,2
20032837,574412581907,1
20032837,574428512332,2
20032837,574443710884,4
20032837,574469180387,2
20032837,574478423402,2
20032837,574481475306,1
20032838,574411236759,1
20032838,574413759826,2
20032838,574423924138,1
20032838,574434828631,4
20032838,574443722596,3
20032838,574448214582,1
20032838,574462596083,2
20032838,574474427515,1
20032838,574484586646,4
20032839,574411052954,2
20032839,574417625717,1
20032839,574425108790,1
20032839,574463070811,2
20032840,574406689788,3
20032840,574431792763,1
20032840,574453005307,2
20032840,574469260378,2
20032840,574475172017,2
20032840,574484192162,1
20032841,574416727803,2
20032841,574423480773,1
20032841,574428006583,2
20032841,574444138575,2
20032841,574444138575,3
20032841,574483180267,3
20032841,574491296256,1
20032842,574407818572,1
20032842,574413631071,1
20032842,574433483589,2
20032842,574438554090,1
20032842,574438554090,2
20032842,574444138575,3
20032842,574444946807,1
20032842,574458771689,2
20032842,574479894192,1
20032842,574486240019,3
20032843,574421633754,1
20032843,574422397958,1
20032843,574437177669,3
20032843,574468334957,1
20032843,574494824581,1
20032844,574419782725,3
20032844,574435203929,3
20032844,574452909883,2
20032844,574468433018,3
20032844,574469567187,3
20032844,574474333877,1
20032844,574475172017,1
20032845,574418628663,1
20032845,574423999766,1
20032845,574426034895,1
20032845,574476705728,1
20032845,574483804747,2
20032845,574494963149,1
20032846,574412581907,1
20032846,574418108881,2
20032846,574441977397,4
20032847,574407557549,3
20032847,574417073425,2
20032847,574434828631,2
20032847,574451956079,1
20032847,574454962518,2
20032847,574479927820,3
20032847,574483122289,1
20032848,574410540967,4
20032848,574414084742,2
20032848,574421798775,2
20032848,574425547582,2
20032848,574447736272,3
20032848,574447766696,2
20032848,574447952203,1
20032848,574448789045,1
20032848,574458771689,1
20032848,574462673372,1
20032848,574483122289,2
20032849,574422397958,2
20032849,574423480773,1
20032849,574457102141,3
20032849,574463070811,2
20032849,574491548402,1
20032850,574420563766,1
20032850,574453712859,2
20032850,574455531242,1
20032850,574480012089,1
20032850,574485628963,3
20032851,574418108881,1
20032851,574430069266,3
20032851,574444342577,1
20032851,574458625940,2
20032851,574469180387,3
20032851,574477444550,3
20032851,574478494650,1
20032851,574481475306,4
20032852,574402712185,1
20032852,574418284210,2
20032852,574421633754,1
20032852,574421633754,2
20032852,574426410602,2
20032853,574445670446,1
20032853,574455531242,2
20032853,574461216611,1
20032853,574471319164,1
20032853,574475590649,1
20032853,574480616369,2
20032853,574484192162,3
20032853,574488776629,3
20032854,574404270735,2
20032854,574412010806,3
20032854,574418628663,2
20032854,574421188684,1
20032854,574424372201,1
20032854,574431275012,2
20032854,574447766696,3
20032854,574450619102,1
20032854,574453623733,3
20032854,574469180387,1
20032854,574478423402,1
20032854,574491296256,3
20032854,574495597477,1
20032855,574421633754,1
20032855,574438188638,1
20032855,574461431124,1
20032855,574469180387,1
20032855,574485560570,1
20032855,574492290565,1
20032856,574404498569,1
20032856,574413631071,1
20032856,574449563565,1
20032856,574451956079,3
20032856,574471319164,1
20032856,574486541227,2
20032856,574489065209,1
20032857,574420563766,1
20032857,574423480773,1
20032857,574425547582,3
20032857,574430703427,1
20032857,574435544770,1
20032857,574437053848,1
20032857,574448188910,2
20032857,574449413194,1
20032857,574459160316,1
20032857,574484586646,1
20032857,574486687622,3
20032858,574417982593,2
20032858,574419085889,1
20032858,574438453481,2
20032858,574462596083,4
20032858,574493175249,1
20032859,574417563965,1
20032859,574418848329,4
20032859,574443722596,1
20032859,574453973300,1
20032859,574458415882,1
20032859,574475789355,2
20032859,574483122289,2
20032860,574407491158,1
20032860,574412321822,4
20032860,574419810172,2
20032860,574449413194,4
20032860,574453298446,1
20032860,574456740862,1
20032860,574458771689,1
20032860,574474333877,1
20032860,574482797416,3
20032860,574486851339,3
20032861,574402510495,3
20032861,574418628663,4
20032861,574420986384,2
20032861,574425108790,3
20032861,574429212394,2
20032861,574445670446,2
20032861,574460434923,3
20032861,574467607197,2
20032861,574479262198,2
20032861,574483804747,2
20032861,574486541227,2
20032861,574492698849,1
20032862,574402442675,1
20032862,574415765336,2
20032862,574436245688,1
20032862,574444397620,2
20032862,574463926476,1
20032862,574469086975,1
20032862,574495597477,3
20032863,574401046579,2
20032863,574409189656,3
20032863,574429162411,3
20032863,574435203929,1
20032863,574492698849,1
20032864,574422969524,1
20032864,574430069266,3
20032864,574431275012,2
20032864,574448214582,3
20032864,574452909883,2
20032864,574460715123,1
20032864,574467617127,2
20032864,574477622296,3
20032865,574403870428,1
20032865,574412581907,3
20032865,574422277538,1
20032865,574422716529,2
20032865,574429732656,2
20032865,574436534326,3
20032865,574450690379,1
20032865,574479894192,3
20032866,574408899571,1
20032866,574408899571,2
20032866,574418480066,1
20032866,574420986384,1
20032866,574421798775,2
20032866,574456167029,1
20032866,574475479981,2
20032866,574486061106,1
20032866,574490216669,3
20032867,574406689788,1
20032867,574407557549,3
20032867,574412010806,2
20032867,574428512332,1
20032867,574467607197,4
20032867,574491296256,1
20032868,574428512332,1
20032868,574462317681,1
20032868,574463832528,1
20032868,574478423402,3
20032868,574492290565,1
20032868,574495597477,4
20032869,574405088157,2
20032869,574429488233,1
20032869,574431679997,1
20032869,574435203929,2
20032869,574435388720,1
20032869,574462596083,2
20032869,574484903473,1
20032870,574418480066,2
20032870,574421798775,2
20032870,574450690379,3
20032870,574493175249,3
20032871,574404486681,1
20032871,574447138533,1
20032871,574450529566,1
20032871,574452649069,2
20032871,574467617127,2
20032871,574479238621,1
20032872,574402632161,2
20032872,574404270735,2
20032872,574410540967,1
20032872,574416727803,1
20032872,574419782725,3
20032872,574421798775,2
20032872,574449563565,2
20032872,574450619102,2
20032872,574453973300,2
20032872,574465673455,3
20032872,574468334957,1
20032872,574495597477,1
20032873,574407491158,3
20032873,574418108881,2
20032873,574420986384,3
20032873,574466871240,1
20032873,574467617127,2
20032873,574474427515,2
20032873,574486240019,3
20032874,574411236759,1
20032874,574428512332,2
20032874,574443710884,2
20032874,574456740862,1
20032874,574457102141,2
20032874,574477709209,1
20032874,574492290565,1
20032875,574402442675,4
20032875,574429488233,2
20032875,574435203929,2
20032875,574444829298,3
20032875,574450690379,4
20032875,574468334957,1
20032875,574494824581,2
20032876,574402442675,3
20032876,574406689788,2
20032876,574421633754,1
20032876,574429162411,1
20032876,574434828631,3
20032876,574438636758,4
20032876,574445670446,2
20032876,574461431124,1
20032876,574466662197,1
20032876,574478423402,2
20032876,574478423402,4
20032876,574488572539,1
20032876,574488966550,1
20032876,574495597477,1
20032877,574408012913,1
20032877,574412010806,2
20032877,574417982593,1
20032877,574432268235,3
20032877,574433483589,1
20032877,574464024918,1
20032877,574472908417,3
20032877,574492632066,3
20032878,574423480773,1
20032878,574453288646,1
20032878,574453623733,4
20032878,574491765163,1
20032878,574495597477,3
20032879,574418072861,1
20032879,574428086068,3
20032879,574431102926,2
20032879,574436534326,1
20032879,574453954332,4
20032879,574465673455,4
20032879,574494824581,4
20032880,574422277538,2
20032880,574437177669,1
20032880,574479238621,2
20032881,574421633754,2
20032881,574453353917,1
20032881,574457102141,1
20032881,574489065209,3
20032881,574492290565,1
20032881,574496278286,1
20032882,574411236759,1
20032882,574413759826,2
20032882,574427535275,1
20032882,574445585740,1
20032882,574453697906,1
20032882,574466662197,2
20032883,574412307019,2
20032883,574417073425,1
20032883,574418231424,3
20032883,574433483589,3
20032883,574457102141,2
20032883,574466772854,2
20032883,574484192162,3
20032883,574486541227,1
20032884,574424688489,1
20032884,574482475820,2
20032884,574484192162,1
20032884,574486061106,2
20032884,574490216669,3
20032884,574492632066,3
20032885,574438554090,2
20032885,574442871613,1
20032885,574462596083,1
20032886,574402442675,3
20032886,574407818572,4
20032886,574423924138,3
20032886,574427535275,3
20032886,574451416037,1
20032886,574453005307,1
20032886,574488572539,2
20032886,574488776629,1
20032886,574496278286,1
20032887,574403982995,3
20032887,574438829548,1
20032887,574447766696,1
20032887,574486491838,3
20032887,574494963149,2
20032888,574406689788,2
20032888,574409856524,1
20032888,574418072861,1
20032888,574426573494,1
20032888,574438829548,2
20032888,574444946807,1
20032888,574448789045,2
20032888,574482475820,1
20032888,574491379250,2
20032889,574428086068,2
20032889,574431102926,2
20032889,574454962518,1
20032889,574454962518,2
20032889,574463211808,2
20032889,574469086975,1
20032889,574471319164,2
20032889,574472195045,1
20032889,574483548556,1
20032889,574486687622,1
20032889,574494963149,1
20032890,574401147676,1
20032890,574404185391,1
20032890,574407491158,2
20032890,574410016368,1
20032890,574426287708,2
20032890,574430069266,3
20032890,574444397620,1
20032890,574445854142,2
20032890,574460295437,1
20032890,574464024918,2
20032890,574476705728,3
20032890,574494824581,1
20032891,574408912854,1
20032891,574410540967,1
20032891,574418647592,2
20032891,574425069329,3
20032891,574426015271,3
20032891,574450529566,1
20032891,574462722455,2
20032891,574478494650,2
20032891,574479927820,3
20032891,574487861166,1
20032892,574413759826,1
20032892,574434828631,1
20032892,574438829548,2
20032892,574444946807,3
20032892,574453712859,3
20032892,574491296256,1
20032893,574402442675,1
20032893,574402510495,1
20032893,574405947145,3
20032893,574407557549,1
20032893,574412581907,1
20032893,574414084742,2
20032893,574453353917,3
20032893,574453712859,2
20032893,574469567187,3
20032893,574478423402,2
20032894,574404486681,2
20032894,574421798775,1
20032894,574423999766,1
20032894,574424688489,2
20032894,574434497775,1
20032894,574438636758,1
20032894,574438938970,1
20032895,574407491158,2
20032895,574418621774,3
20032895,574444342577,2
20032895,574469567187,1
20032896,574412010806,1
20032896,574413072327,2
20032896,574425069329,2
20032896,574441556000,1
20032896,574444397620,4
20032896,574450529566,2
20032896,574453623733,1
20032896,574495051857,4
20032897,574401147676,1
20032897,574440875862,1
20032897,574462659403,1
20032897,574472195045,1
20032897,574477709209,2
20032897,574479927820,4
20032897,574480616369,1
20032898,574405088157,2
20032898,574407491158,4
20032898,574411987173,2
20032898,574416065933,1
20032898,574418848329,1
20032898,574426015271,1
20032898,574461829917,1
20032898,574489256792,4
20032899,574402632161,1
20032899,574418848329,1
20032899,574420986384,1
20032899,574422277538,3
20032899,574453353917,1
20032899,574465679850,2
20032899,574483548556,1
20032899,574488005980,2
20032899,574489256792,1
20032900,574433647086,1
20032900,574436908190,1
20032900,574443722596,1
20032900,574454879452,1
20032900,574481475306,3
20032901,574426410602,1
20032901,574427535275,1
20032901,574435190009,1
20032901,574491058128,1
20032902,574401698889,4
20032902,574401713944,4
20032902,574435544770,2
20032902,574442255972,1
20032902,574445854142,1
20032902,574453973300,3
20032902,574466662197,3
20032902,574479927820,1
20032903,574409189656,1
20032903,574426573494,1
20032903,574430069266,1
20032903,574438636758,3
20032903,574440875862,2
20032903,574448214582,1
20032903,574448224845,2
20032903,574453623733,2
20032903,574454879452,1
20032903,574485628963,1
20032904,574436245688,3
20032904,574451956079,2
20032904,574455531242,2
20032904,574475172017,1
20032904,574485896560,1
20032904,574485896560,2
20032905,574408899571,2
20032905,574412642027,4
20032905,574430069266,4
20032905,574436245688,2
20032905,574461431124,1
20032905,574474333877,4
20032905,574491853841,2
20032906,574402442675,1
20032906,574420563766,1
20032906,574423924138,1
20032906,574424576405,4
20032906,574428512332,1
20032906,574435544770,1
20032906,574447138533,1
20032906,574475789355,1
20032906,574475789355,3
20032906,574477709209,2
20032907,574404185391,1
20032907,574429732656,3
20032907,574431102926,2
20032907,574480911473,4
20032908,574404486681,4
20032908,574411236759,1
20032908,574422183148,1
20032908,574426287708,1
20032908,574427008440,2
20032908,574483548556,1
20032908,574486541227,3
20032909,574404185391,1
20032909,574404185391,2
20032909,574405088157,2
20032909,574405947145,1
20032909,574410281339,4
20032909,574418647592,1
20032909,574435190009,4
20032909,574491853841,1
20032910,574411236759,1
20032910,574412010806,1
20032910,574420177284,2
20032910,574452649069,2
20032910,574469086975,1
20032910,574471319164,3
20032910,574483180267,2
20032910,574485560570,1
20032910,574486541227,1
20032911,574402442675,1
20032911,574403982995,2
20032911,574404627516,1
20032911,574420986384,3
20032911,574428785109,2
20032911,574451956079,3
20032911,574453954332,2
20032911,574475590649,3
20032911,574485628963,3
20032911,574487861166,1
20032912,574401713944,2
20032912,574438188638,1
20032912,574449413194,1
20032912,574496278286,2
20032913,574409856524,4
20032913,574417982593,3
20032913,574418848329,3
20032913,574449563565,2
20032913,574468334957,2
20032913,574469567187,3
20032913,574475172017,3
20032913,574488572539,3
20032913,574495597477,1
20032914,574425725994,3
20032914,574433483589,2
20032914,574439320782,1
20032914,574474333877,1
20032915,574403982995,2
20032915,574428512332,1
20032915,574435203929,1
20032915,574438829548,2
20032915,574448789045,2
20032915,574451651808,2
20032915,574453298446,2
20032915,574483180267,4
20032915,574483804747,3
20032916,574429133945,1
20032916,574429162411,3
20032916,574438938970,2
20032916,574449605896,2
20032916,574482797416,1
20032916,574486061106,1
20032917,574402442675,1
20032917,574411236759,4
20032917,574416462413,1
20032917,574428785109,1
20032917,574440875862,1
20032917,574456888414,2
20032917,574485097457,1
20032918,574429212394,2
20032918,574456888414,2
20032918,574463926476,2
20032918,574476705728,4
20032919,574404498569,3
20032919,574425069329,1
20032919,574429162411,1
20032919,574462317681,2
20032919,574476705728,2
20032920,574436534326,1
20032920,574450529566,1
20032920,574450619102,1
20032920,574458415882,2
20032920,574465679850,1
20032920,574474333877,2
20032920,574479927820,1
20032920,574480889866,1
20032921,574428785109,2
20032921,574433483589,4
20032921,574435203929,2
20032921,574443710884,3
20032921,574447138533,1
20032921,574469180387,1
20032921,574480616369,4
20032921,574484076944,1
20032922,574402442675,1
20032922,574403916710,2
20032922,574413759826,1
20032922,574435388720,3
20032922,574441556000,1
20032922,574447736272,3
20032922,574447766696,1
20032922,574451651808,3
20032922,574452909883,3
20032922,574464024918,1
20032922,574475789355,1
20032922,574478494650,3
20032922,574481602994,1
20032922,574482797416,2
20032922,574491058128,2
20032923,574402442675,1
20032923,574417625717,2
20032923,574435544770,2
20032923,574458771689,1
20032923,574473547794,3
20032923,574474333877,3
20032923,574491296256,2
20032923,574491548402,3
20032924,574401698889,2
20032924,574410540967,1
20032924,574419810172,2
20032924,574442765000,2
20032924,574444946807,2
20032925,574412642027,1
20032925,574424576405,1
20032925,574430703427,3
20032925,574444397620,1
20032925,574446859498,1
20032925,574462317681,1
20032925,574485896560,2
20032926,574435388720,1
20032926,574447736272,3
20032926,574452909883,4
20032926,574456740862,1
20032926,574469260378,1
20032926,574474333877,1
20032927,574418284210,1
20032927,574418647592,2
20032927,574444946807,2
20032927,574450529566,3
20032927,574453623733,3
20032927,574475789355,1
20032927,574491765163,1
20032927,574492127844,2
20032928,574410016368,1
20032928,574425108790,1
20032928,574429488233,2
20032928,574449413194,1
20032928,574470528150,3
20032928,574492698849,1
20032929,574404270735,1
20032929,574405088157,1
20032929,574409189656,1
20032929,574451956079,2
20032929,574464024918,1
20032929,574478494650,1
20032929,574482797416,1
20032929,574491765163,1
20032930,574414084742,2
20032930,574424372201,1
20032930,574425627658,3
20032930,574441377813,1
20032930,574444397620,1
20032930,574479307520,1
20032931,574411987173,3
20032931,574430133102,3
20032931,574443722596,1
20032931,574467607197,2
20032931,574473526600,1
20032931,574486061106,1
20032932,574424688489,1
20032932,574447766696,3
20032932,574449605896,3
20032932,574456888414,1
20032932,574483548556,2
20032932,574491379250,2
20032933,574403982995,1
20032933,574405088157,2
20032933,574413072327,1
20032934,574401698889,2
20032934,574412287351,2
20032934,574421798775,4
20032934,574427008440,1
20032934,574434497775,3
20032934,574447138533,1
20032934,574447952203,1
20032934,574463926476,2
20032934,574471319164,2
20032934,574492127844,3
20032935,574404185391,1
20032935,574407818572,4
20032935,574455531242,2
20032935,574466871240,1
20032935,574476705728,2
20032935,574494824581,1
20032936,574414940629,1
20032936,574416727803,4
20032936,574429133945,4
20032936,574438829548,1
20032936,574446788380,1
20032936,574453697906,3
20032936,574473547794,1
20032936,574489256792,4
20032937,574433483589,2
20032937,574438829548,3
20032937,574453954332,4
20032937,574454801871,1
20032937,574483548556,1
20032938,574405947145,2
20032938,574421188684,1
20032938,574469260378,1
20032938,574479894192,3
20032938,574486240019,3
20032938,574486491838,3
20032938,574487861166,2
20032939,574401147676,2
20032939,574413631071,1
20032939,574418480066,1
20032939,574438636758,1
20032939,574460434923,2
20032939,574480911473,4
20032939,574486783001,3
20032940,574409856524,1
20032940,574424087903,1
20032940,574428512332,2
20032940,574473547794,3
20032940,574475590649,1
20032940,574492290565,3
20032941,574401698889,1
20032941,574410016368,1
20032941,574453005307,3
20032941,574480889866,3
20032941,574485097457,1
20032941,574486061106,1
20032942,574404270735,1
20032942,574409189656,1
20032942,574430703427,1
20032942,574435203929,2
20032942,574435388720,1
20032942,574460434923,2
20032943,574429133945,2
20032943,574441556000,1
20032943,574453697906,1
20032943,574463070811,2
20032943,574469567187,4
20032943,574486687622,1
20032944,574418284210,1
20032944,574444138575,1
20032944,574447766696,1
20032944,574463926476,2
20032944,574466662197,1
20032944,574483180267,3
20032944,574485896560,1
20032945,574403870428,1
20032945,574417982593,4
20032945,574430133102,1
20032945,574450529566,1
20032945,574454801871,1
20032945,574458771689,1
20032945,574468334957,1
20032945,574488966550,3
20032945,574489256792,4
20032945,574491765163,4
20032945,574491853841,1
20032946,574404627516,2
20032946,574407818572,1
20032946,574423480773,3
20032946,574431679997,2
20032946,574432268235,4
20032946,574439922191,2
20032946,574442765000,1
20032946,574465673455,1
20032946,574468334957,2
20032946,574478580898,1
20032947,574403916710,2
20032947,574407818572,2
20032947,574410016368,3
20032947,574438188638,3
20032947,574447736272,2
20032947,574453712859,3
20032947,574464024918,1
20032947,574467607197,1
20032947,574481602994,1
20032947,574486851339,2
20032948,574404486681,3
20032948,574416727803,2
20032948,574449563565,1
20032948,574453353917,1
20032948,574470528150,3
20032948,574478423402,1
20032949,574409189656,1
20032949,574451677118,3
20032949,574467656334,1
20032949,574480012089,1
20032949,574483804747,4
20032950,574406778568,2
20032950,574443755826,1
20032950,574449563565,3
20032950,574459160316,1
20032950,574477709209,1
20032950,574478423402,1
20032950,574488572539,2
20032951,574442310089,1
20032951,574442310089,2
20032951,574457102141,1
20032951,574463926476,4
20032951,574479262198,1
20032952,574414084742,3
20032952,574424576405,2
20032952,574430133102,3
20032952,574441977397,3
20032952,574448224845,1
20032952,574460434923,4
20032953,574424372201,2
20032953,574428512332,3
20032953,574436245688,3
20032953,574450619102,1
20032953,574453353917,3
20032953,574461829917,3
20032954,574424372201,1
20032954,574430703427,1
20032954,574439922191,2
20032954,574463070811,4
20032954,574469260378,1
20032955,574420986384,2
20032955,574424087903,3
20032955,574444946807,2
20032955,574447447436,1
20032955,574451956079,1
20032955,574466772854,2
20032955,574491548402,2
20032956,574437877616,1
20032956,574445670446,3
20032956,574448188910,4
20032956,574463070811,1
20032956,574463926476,1
20032956,574464024918,1
20032956,574473547794,1
20032956,574480889866,4
20032956,574491379250,1
20032957,574402442675,3
20032957,574406778568,3
20032957,574413072327,1
20032957,574426034895,3
20032957,574435388720,3
20032957,574438453481,1
20032957,574438938970,2
20032957,574443755826,1
20032957,574444138575,1
20032957,574460295437,3
20032957,574465673455,1
20032957,574474333877,1
20032957,574495051857,1
20032958,574428512332,2
20032958,574434497775,4
20032958,574437177669,2
20032958,574444829298,1
20032958,574447766696,1
20032958,574453353917,1
20032958,574466662197,1
20032958,574491548402,2
20032959,574402510495,2
20032959,574406689788,1
20032959,574418231424,1
20032959,574419810172,1
20032959,574437053848,3
20032959,574441377813,1
20032959,574450619102,1
20032959,574453288646,2
20032959,574463070811,2
20032959,574491379250,4
20032960,574404185391,2
20032960,574404185391,3
20032960,574407491158,2
20032960,574418284210,1
20032960,574427008440,2
20032960,574434828631,1
20032960,574463926476,2
20032960,574479894192,1
20032960,574486061106,1
20032960,574494824581,3
20032961,574407557549,2
20032961,574449413194,1
20032961,574456740862,4
20032961,574466772854,3
20032961,574469567187,1
20032961,574478494650,1
20032962,574426034895,1
20032962,574431275012,3
20032962,574466871240,3
20032962,574469086975,1
20032963,574421188684,2
20032963,574424372201,4
20032963,574457102141,1
20032963,574458625940,3
20032963,574486541227,1
20032963,574488572539,2
20032964,574404486681,1
20032964,574432268235,1
20032964,574438938970,1
20032965,574410540967,1
20032965,574425069329,2
20032965,574444829298,1
20032965,574462596083,1
20032965,574470528150,2
20032965,574488776629,1
20032965,574491058128,3
20032966,574431275012,1
20032966,574438188638,1
20032966,574463926476,1
20032966,574478494650,1
20032966,574479307520,1
20032966,574486170068,1
20032966,574489065209,1
20032967,574404498569,2
20032967,574418231424,1
20032967,574422397958,4
20032967,574423480773,1
20032967,574467617127,1
20032967,574494824581,3
20032968,574420177284,1
20032968,574466662197,1
20032968,574474333877,1
20032969,574406689788,1
20032969,574414084742,1
20032969,574417625717,2
20032969,574418628663,1
20032969,574429162411,1
20032969,574452649069,2
20032970,574405947145,3
20032970,574425725994,2
20032970,574435388720,1
20032970,574441556000,2
20032970,574450529566,3
20032970,574453298446,1
20032971,574404627516,1
20032971,574411236759,1
20032971,574418628663,3
20032971,574451824139,3
20032971,574458771689,1
20032971,574461216611,2
20032971,574472195045,4
20032971,574477444550,1
20032971,574477709209,2
20032972,574411236759,1
20032972,574448546947,4
20032972,574452909883,3
20032972,574462317681,2
20032972,574469086975,1
20032972,574485560570,1
20032972,574486170068,4
20032972,574487861166,1
20032972,574491058128,2
20032973,574402632161,1
20032973,574436908190,1
20032973,574442765000,3
20032973,574479927820,1
20032973,574483122289,3
20032973,574492290565,3
20032974,574418108881,1
20032974,574446859498,1
20032974,574448789045,1
20032974,574449605896,1
20032974,574480012089,1
20032974,574480911473,4
20032974,574486541227,3
20032975,574418848329,2
20032975,574419085889,1
20032975,574429133945,1
20032975,574436245688,3
20032975,574437177669,1
20032975,574477622296,1
20032976,574403916710,1
20032976,574422183148,4
20032976,574424576405,3
20032976,574425627658,1
20032976,574429488233,1
20032976,574431679997,4
20032976,574461431124,1
20032976,574463926476,2
20032976,574472195045,1
20032976,574479262198,1
20032976,574483841626,2
20032976,574486061106,2
20032977,574401147676,3
20032977,574413631071,1
20032977,574422183148,3
20032977,574423924138,1
20032977,574449605896,2
20032977,574453712859,2
20032977,574463211808,1
20032977,574486783001,2
20032978,574418621774,1
20032978,574418647592,3
20032978,574426034895,2
20032978,574426034895,4
20032978,574431766661,2
20032978,574463926476,1
20032978,574477622296,1
20032978,574478826008,1
20032978,574486687622,4
20032979,574403916710,1
20032979,574438439324,3
20032979,574447952203,1
20032979,574462596083,2
20032979,574482797416,1
20032979,574491853841,2
20032980,574431102926,1
20032980,574453353917,1
20032980,574461216611,2
20032980,574479238621,2
20032980,574491296256,4
20032981,574411236759,2
20032981,574418480066,2
20032981,574444342577,3
20032981,574488966550,3
20032982,574412642027,3
20032982,574438439324,1
20032982,574471319164,1
20032982,574486851339,3
20032983,574408912854,2
20032983,574409856524,1
20032983,574418621774,1
20032983,574420563766,2
20032983,574422716529,1
20032983,574422716529,2
20032983,574429732656,2
20032983,574431102926,2
20032983,574465679850,1
20032983,574480616369,1
20032984,574407491158,3
20032984,574445998544,1
20032984,574453298446,2
20032984,574458771689,3
20032985,574425108790,2
20032985,574446859498,1
20032985,574462722455,1
20032985,574469260378,1
20032985,574486170068,1
20032986,574431679997,2
20032986,574432560191,2
20032986,574436534326,1
20032986,574449605896,2
20032986,574480012089,1
20032986,574491548402,2
20032987,574409189656,2
20032987,574418480066,2
20032987,574448789045,1
20032987,574463832528,3
20032987,574479238621,1
20032988,574420563766,3
20032988,574438938970,2
20032988,574473547794,1
20032988,574494963149,2
20032989,574411987173,1
20032989,574412581907,3
20032989,574424688489,3
20032989,574428512332,3
20032989,574430133102,2
20032989,574439320782,1
20032989,574447447436,2
20032989,574448214582,1
20032989,574455531242,2
20032989,574459160316,2
20032990,574425108790,1
20032990,574437053848,1
20032990,574450529566,4
20032990,574485628963,1
20032991,574424576405,1
20032991,574447138533,3
20032991,574475172017,1
20032991,574479307520,1
20032992,574452649069,1
20032992,574469260378,1
20032992,574491296256,2
20032993,574412307019,1
20032993,574412581907,4
20032993,574424383317,2
20032993,574431792763,2
20032993,574451651808,2
20032993,574463211808,1
20032993,574468433018,3
20032993,574469086975,1
20032993,574480616369,2
20032993,574483180267,1
20032993,574494963149,3
20032994,574401698889,1
20032994,574416065933,4
20032994,574417982593,1
20032994,574433647086,1
20032994,574444397620,1
20032994,574462722455,1
20032995,574408899571,2
20032995,574409189656,3
20032995,574410540967,1
20032995,574428086068,1
20032995,574442765000,1
20032995,574471319164,1
20032995,574479894192,2
20032995,574488005980,1
20032995,574489256792,1
20032996,574408012913,1
20032996,574412321822,1
20032996,574421798775,2
20032996,574431792763,2
20032996,574444138575,1
20032996,574466871240,3
20032996,574468433018,3
20032996,574469260378,3
20032996,574484903473,1
20032996,574488572539,1
20032997,574401713944,2
20032997,574406689788,1
20032997,574408912854,1
20032997,574414084742,1
20032997,574422277538,2
20032997,574428785109,3
20032997,574430703427,1
20032997,574431679997,1
20032997,574461829917,1
20032997,574472908417,1
20032997,574494963149,1
20032998,574411052954,2
20032998,574414940629,1
20032998,574416065933,1
20032998,574444138575,1
20032998,574478494650,1
20032998,574490216669,2
20032999,574410540967,3
20032999,574435203929,1
20032999,574493175249,3
20033000,574422277538,1
20033000,574425108790,1
20033000,574429732656,2
20033000,574463832528,1
20033000,574472908417,1
20033000,574490216669,1
20033000,574493315199,1
20033001,574422183148,2
20033001,574440875862,4
20033001,574460715123,3
20033001,574472908417,1
20033001,574494824581,2
20033002,574411987173,2
20033002,574414940629,3
20033002,574428086068,1
20033002,574448546947,3
20033002,574469567187,2
20033002,574481602994,1
20033003,574404185391,1
20033003,574411052954,1
20033003,574412642027,1
20033003,574412642027,3
20033003,574414940629,1
20033003,574414940629,2
20033003,574436534326,3
20033003,574451416037,3
20033003,574455531242,2
20033003,574476705728,3
20033003,574492290565,4
20033004,574418621774,2
20033004,574455531242,1
20033004,574460434923,1
20033004,574463926476,1
20033004,574474791408,2
20033004,574475789355,1
20033005,574418628663,4
20033005,574418848329,1
20033005,574419782725,4
20033005,574425547582,4
20033005,574439320782,3
20033005,574463211808,1
20033005,574466662197,3
20033005,574469260378,1
20033005,574475479981,1
20033006,574412307019,1
20033006,574412307019,2
20033006,574416462413,1
20033006,574442765000,1
20033006,574451677118,3
20033006,574453954332,1
20033006,574455531242,3
20033006,574462596083,1
20033006,574477622296,3
20033006,574478494650,1
20033006,574480616369,3
20033007,574435544770,3
20033007,574441977397,2
20033007,574470528150,2
20033007,574488776629,1
20033008,574404185391,2
20033008,574423999766,2
20033008,574477622296,1
20033009,574410016368,3
20033009,574422716529,1
20033009,574444138575,2
20033010,574412307019,2
20033010,574413759826,1
20033010,574419085889,1
20033010,574436245688,3
20033010,574445764513,3
20033010,574462673372,1
20033011,574424372201,2
20033011,574445764513,1
20033011,574450619102,3
20033011,574464024918,2
20033011,574474791408,3
20033011,574480012089,2
20033012,574412642027,4
20033012,574439121281,2
20033012,574456888414,2
20033012,574468334957,3
20033012,574475590649,1
20033012,574475789355,2
20033013,574418628663,2
20033013,574429162411,3
20033013,574433483589,1
20033013,574436534326,3
20033013,574443755826,1
20033013,574446859498,1
20033013,574482797416,1
20033013,574489256792,3
20033013,574491058128,2
20033014,574402632161,1
20033014,574417563965,3
20033014,574418284210,2
20033014,574447447436,2
20033014,574454801871,1
20033014,574491765163,1
20033015,574402632161,1
20033015,574412010806,1
20033015,574424576405,1
20033015,574438636758,3
20033015,574438938970,2
20033015,574454801871,1
20033015,574471319164,2
20033015,574492698849,2
20033016,574403870428,1
20033016,574413072327,2
20033016,574418480066,3
20033016,574429162411,1
20033016,574429488233,2
20033016,574444138575,1
20033016,574448789045,2
20033016,574486240019,1
20033016,574495051857,1
20033017,574401698889,1
20033017,574405088157,3
20033017,574426573494,3
20033017,574443710884,3
20033017,574444397620,1
20033017,574444397620,3
20033017,574474333877,1
20033017,574477709209,2
20033018,574404270735,2
20033018,574407557549,1
20033018,574417073425,3
20033018,574429732656,1
20033018,574453288646,1
20033019,574421798775,3
20033019,574427008440,1
20033019,574435388720,1
20033019,574444829298,1
20033019,574448214582,2
20033019,574478423402,3
20033019,574483122289,3
20033019,574488572539,1
20033020,574401046579,1
20033020,574418628663,1
20033020,574422397958,1
20033020,574427008440,3
20033020,574480911473,4
20033020,574484903473,2
20033021,574411236759,2
20033021,574421798775,2
20033021,574481577431,1
20033021,574492698849,3
20033022,574418284210,3
20033022,574421798775,2
20033022,574435388720,2
20033022,574438188638,2
20033022,574472908417,3
20033023,574404627516,1
20033023,574413072327,1
20033023,574447138533,3
20033023,574467656334,2
20033023,574477444550,2
20033023,574484192162,1
20033023,574484192162,3
20033024,574442255972,3
20033024,574496278286,3
20033025,574435388720,1
20033025,574447427687,1
20033025,574456167029,2
20033026,574406689788,1
20033026,574407818572,1
20033026,574408912854,1
20033026,574424576405,3
20033026,574431766661,2
20033026,574436534326,3
20033026,574452649069,2
20033026,574476705728,1
20033026,574477622296,3
20033026,574483122289,1
20033026,574486687622,1
20033026,574491379250,4
20033027,574410281339,1
20033027,574412010806,1
20033027,574442255972,2
20033027,574459160316,2
20033027,574491853841,1
20033028,574421633754,1
20033028,574423480773,2
20033028,574426287708,1
20033028,574482475820,2
20033029,574437053848,3
20033029,574470528150,1
20033030,574404498569,1
20033030,574419810172,1
20033030,574421633754,1
20033030,574453298446,2
20033030,574462317681,3
20033031,574416462413,1
20033031,574425069329,1
20033031,574426410602,1
20033031,574444138575,1
20033031,574451416037,1
20033032,574402510495,2
20033032,574410540967,3
20033032,574413759826,4
20033032,574432268235,1
20033032,574462673372,2
20033032,574469567187,1
20033032,574476705728,1
20033032,574485560570,1
20033032,574487861166,2
20033033,574402632161,1
20033033,574418231424,1
20033033,574422716529,1
20033033,574424087903,1
20033033,574429133945,1
20033033,574445585740,3
20033033,574461431124,1
20033033,574478826008,1
20033033,574483548556,1
20033033,574486541227,1
20033033,574495051857,3
20033033,574496278286,3
20033034,574412321822,3
20033034,574419782725,4
20033034,574469086975,4
20033034,574486240019,3
20033034,574495051857,1
20033035,574401698889,2
20033035,574422183148,1
20033035,574449413194,1
20033035,574461216611,1
20033035,574462596083,2
20033035,574469260378,3
20033035,574485628963,3
20033036,574443710884,2
20033036,574445854142,1
20033036,574455531242,1
20033036,574483180267,2
20033036,574492698849,3
20033037,574414940629,1
20033037,574420986384,3
20033037,574422277538,2
20033037,574448214582,1
20033037,574460434923,2
20033038,574406689788,4
20033038,574424576405,1
20033038,574428006583,2
20033038,574455531242,2
20033038,574480911473,1
20033039,574408012913,1
20033039,574469260378,2
20033039,574492127844,1
20033040,574412010806,1
20033040,574417563965,1
20033040,574418072861,3
20033040,574442255972,1
20033040,574444397620,3
20033040,574462596083,2
20033040,574474427515,1
20033041,574405088157,1
20033041,574414940629,2
20033041,574418072861,1
20033041,574431766661,4
20033041,574438938970,2
20033041,574446859498,2
20033041,574483548556,1
20033041,574485097457,1
20033042,574420986384,1
20033042,574467617127,1
20033042,574468334957,2
20033043,574415765336,1
20033043,574421188684,3
20033043,574442871613,2
20033043,574491379250,1
20033043,574492127844,1
20033044,574402510495,1
20033044,574432268235,2
20033044,574439320782,1
20033044,574441377813,3
20033044,574443710884,1
20033044,574477709209,2
20033044,574478494650,3
20033044,574485896560,2
20033044,574492632066,2
20033045,574412010806,1
20033045,574412307019,1
20033045,574413072327,3
20033045,574416727803,1
20033045,574423999766,1
20033045,574436534326,2
20033045,574451677118,1
20033045,574453712859,1
20033045,574466662197,2
20033045,574479238621,1
20033046,574401046579,1
20033046,574404185391,3
20033046,574433647086,1
20033046,574444946807,3
20033046,574449605896,1
20033046,574463211808,1
20033046,574469567187,3
20033046,574479238621,1
20033046,574491296256,1
20033047,574441556000,1
20033047,574443722596,1
20033047,574462317681,1
20033047,574463070811,1
20033047,574465679850,1
20033047,574483841626,1
20033047,574484586646,1
20033047,574486061106,1
20033048,574438453481,1
20033048,574438938970,4
20033048,574455531242,1
20033048,574486783001,2
20033048,574487861166,1
20033049,574430133102,2
20033049,574434497775,1
20033049,574438636758,3
20033049,574492698849,1
20033050,574423480773,3
20033050,574428006583,3
20033050,574450529566,3
20033051,574403870428,1
20033051,574412321822,1
20033051,574426034895,3
20033051,574426573494,1
20033051,574427008440,1
20033051,574430133102,3
20033051,574436908190,1
20033051,574437877616,3
20033051,574438636758,3
20033051,574447766696,2
20033051,574453712859,1
20033051,574462317681,2
20033052,574411052954,3
20033052,574411236759,1
20033052,574414084742,1
20033052,574418072861,1
20033052,574423480773,4
20033052,574443755826,1
20033052,574445764513,3
20033052,574491058128,2
20033052,574494824581,1
20033053,574438829548,1
20033053,574447766696,3
20033053,574451824139,3
20033053,574460295437,1
20033053,574485560570,1
20033053,574485560570,3
20033053,574486687622,2
20033053,574488572539,3
20033054,574412307019,2
20033054,574413759826,1
20033054,574429732656,2
20033054,574433647086,2
20033055,574402442675,1
20033055,574405088157,1
20033055,574474791408,1
20033055,574476705728,4
20033055,574492698849,1
20033056,574410016368,3
20033056,574419085889,1
20033056,574426015271,1
20033056,574426015271,2
20033056,574441977397,1
20033056,574451651808,3
20033056,574490216669,4
20033057,574407557549,1
20033057,574409856524,1
20033057,574410016368,2
20033057,574425627658,1
20033057,574447952203,4
20033057,574448188910,1
20033058,574410016368,1
20033058,574412287351,4
20033058,574435388720,2
20033058,574441556000,2
20033058,574445585740,3
20033058,574447447436,1
20033058,574456740862,1
20033058,574463926476,1
20033058,574467656334,3
20033058,574486491838,1
20033059,574403916710,1
20033059,574406778568,4
20033059,574410281339,3
20033059,574423480773,1
20033059,574429488233,2
20033059,574433647086,2
20033059,574453005307,2
20033059,574474333877,4
20033059,574485896560,3
20033060,574407557549,1
20033060,574412287351,1
20033060,574418628663,1
20033060,574437877616,1
20033060,574439320782,1
20033060,574441377813,1
20033060,574460715123,1
20033060,574462659403,2
20033060,574468334957,4
20033061,574408912854,2
20033061,574438439324,1
20033061,574448214582,1
20033061,574451956079,2
20033061,574491296256,1
20033062,574405947145,3
20033062,574433647086,1
20033062,574445585740,1
20033062,574450529566,1
20033062,574451824139,1
20033062,574479894192,1
20033062,574483180267,1
20033062,574488572539,1
20033063,574401713944,1
20033063,574431792763,1
20033063,574434828631,1
20033063,574453298446,1
20033063,574479238621,1
20033063,574479307520,2
20033063,574491058128,4
20033063,574496278286,1
20033064,574401713944,2
20033064,574420986384,2
20033064,574425069329,1
20033064,574443722596,1
20033064,574454801871,1
20033064,574456167029,2
20033064,574484586646,1
20033065,574418108881,2
20033065,574427535275,1
20033065,574435388720,3
20033065,574447736272,1
20033065,574453298446,4
20033065,574453954332,4
20033065,574482797416,4
20033065,574483180267,1
20033065,574491853841,2
20033066,574415765336,1
20033066,574418480066,2
20033066,574435388720,2
20033066,574460434923,2
20033067,574488776629,1
20033068,574419085889,1
20033068,574442310089,1
20033068,574448789045,2
20033068,574460715123,2
20033069,574414084742,1
20033069,574428512332,1
20033069,574435544770,1
20033069,574439320782,2
20033069,574447427687,3
20033069,574473547794,2
20033069,574491296256,1
20033069,574492698849,1
20033070,574416727803,1
20033070,574433483589,2
20033070,574448789045,1
20033070,574483122289,1
20033071,574433647086,3
20033071,574438439324,4
20033071,574444342577,1
20033071,574444397620,1
20033071,574449605896,3
20033071,574453005307,3
20033071,574458415882,2
20033071,574469567187,1
20033072,574418072861,3
20033072,574418621774,1
20033072,574426410602,3
20033072,574445670446,3
20033072,574465679850,1
20033072,574481577431,1
20033072,574484586646,3
20033073,574407818572,3
20033073,574413631071,1
20033073,574413759826,3
20033073,574443755826,3
20033073,574453623733,3
20033073,574462673372,4
20033073,574492290565,1
20033073,574494824581,1
20033074,574428785109,1
20033074,574432268235,1
20033074,574441377813,2
20033074,574468334957,1
20033075,574401713944,2
20033075,574406778568,3
20033075,574414084742,1
20033075,574425547582,1
20033075,574432268235,2
20033075,574435388720,2
20033075,574441377813,1
20033075,574461431124,2
20033075,574467656334,1
20033075,574475590649,4
20033075,574478423402,2
20033075,574478826008,2
20033075,574479262198,2
20033075,574483122289,2
20033075,574488005980,1
20033076,574404185391,1
20033076,574418072861,4
20033076,574443722596,2
20033076,574447427687,3
20033076,574469086975,1
20033077,574402510495,1
20033077,574434828631,3
20033077,574445998544,1
20033077,574452649069,2
20033077,574486491838,1
20033078,574404498569,1
20033078,574404498569,2
20033078,574424688489,1
20033078,574456167029,4
20033078,574477622296,1
20033078,574490216669,3
20033079,574412642027,1
20033079,574416727803,1
20033079,574418231424,2
20033079,574419782725,3
20033079,574422716529,1
20033079,574425108790,1
20033079,574429212394,2
20033079,574441977397,1
20033079,574451651808,1
20033080,574404498569,2
20033080,574415765336,1
20033080,574425725994,2
20033080,574434497775,1
20033080,574478423402,1
20033080,574481475306,1
20033081,574410281339,1
20033081,574444946807,2
20033081,574450619102,3
20033081,574454801871,3
20033081,574466772854,2
20033081,574484903473,1
20033081,574494824581,2
20033082,574426410602,1
20033082,574442871613,3
20033082,574447766696,2
20033082,574463211808,1
20033082,574482797416,1
20033082,574483804747,1
20033082,574484903473,1
20033082,574491058128,2
20033082,574496278286,2
20033083,574420177284,1
20033083,574424688489,2
20033083,574426287708,2
20033083,574429732656,3
20033083,574431792763,2
20033083,574434828631,4
20033083,574452909883,3
20033083,574479927820,1
20033083,574486491838,1
20033083,574488776629,1
20033084,574405088157,1
20033084,574408899571,2
20033084,574426410602,2
20033084,574428086068,1
20033084,574431679997,1
20033084,574466772854,3
20033084,574479894192,1
20033084,574490216669,4
20033085,574405088157,1
20033085,574418284210,1
20033085,574438188638,2
20033085,574440875862,1
20033085,574453623733,2
20033085,574461829917,1
20033085,574478826008,2
20033086,574407818572,1
20033086,574413072327,2
20033086,574464024918,2
20033086,574469086975,1
20033086,574475590649,1
20033086,574488966550,2
20033087,574426287708,3
20033087,574465679850,1
20033087,574480889866,1
20033088,574423480773,1
20033088,574431102926,3
20033088,574433483589,4
20033088,574453954332,2
20033088,574453973300,3
20033088,574469180387,2
20033088,574490216669,1
20033088,574491765163,3
20033089,574416065933,3
20033089,574422277538,3
20033089,574441377813,1
20033089,574486170068,1
20033090,574412581907,1
20033090,574429488233,2
20033090,574448789045,1
20033090,574450619102,4
20033090,574459160316,1
20033091,574409856524,1
20033091,574423480773,3
20033091,574434497775,3
20033091,574442765000,2
20033091,574475172017,2
20033091,574491058128,1
20033091,574496278286,1
20033092,574410540967,1
20033092,574426573494,1
20033092,574435544770,3
20033092,574437177669,3
20033092,574438453481,1
20033092,574445998544,1
20033092,574451956079,1
20033092,574469260378,2
20033093,574421798775,1
20033093,574444138575,1
20033093,574475479981,2
20033093,574480911473,4
20033094,574415765336,1
20033094,574430703427,1
20033094,574430703427,3
20033094,574447427687,1
20033094,574488572539,2
20033094,574489256792,2
20033095,574404185391,2
20033095,574412581907,1
20033095,574419810172,3
20033095,574423924138,1
20033095,574434828631,1
20033095,574435203929,2
20033095,574438554090,4
20033095,574448546947,1
20033095,574449413194,1
20033095,574454879452,1
20033095,574472195045,3
20033095,574479238621,1
20033095,574483180267,1
20033095,574483548556,1
20033095,574486061106,2
20033095,574486851339,3
20033095,574491296256,2
20033095,574491548402,1
20033096,574462596083,2
20033096,574477444550,3
20033096,574479307520,1
20033096,574484192162,1
20033096,574492127844,4
20033097,574401713944,1
20033097,574408012913,1
20033097,574418848329,2
20033097,574439320782,1
20033097,574450690379,2
20033097,574451677118,2
20033097,574456740862,3
20033097,574465679850,3
20033097,574484076944,1
20033097,574491379250,2
20033098,574418231424,2
20033098,574421633754,3
20033098,574425627658,1
20033098,574443722596,2
20033098,574446788380,4
20033098,574479262198,2
20033098,574483122289,3
20033098,574483122289,4
20033098,574492127844,3
20033099,574410540967,2
20033099,574425627658,2
20033099,574445854142,2
20033099,574452909883,2
20033099,574462722455,1
20033099,574482475820,3
20033099,574484586646,2
20033100,574403870428,1
20033100,574411236759,2
20033100,574423999766,2
20033100,574439320782,1
20033100,574444829298,2
20033100,574445854142,2
20033100,574475479981,1
20033100,574491379250,3
20033101,574434828631,4
20033101,574467607197,3
20033101,574491765163,3
20033102,574412010806,2
20033102,574412642027,1
20033102,574418621774,2
20033102,574437877616,4
20033102,574447427687,3
20033102,574458625940,2
20033102,574479927820,3
20033102,574485560570,2
20033103,574408912854,1
20033103,574419810172,1
20033103,574423480773,1
20033103,574437053848,1
20033103,574438636758,3
20033103,574439121281,1
20033103,574451651808,3
20033103,574477709209,1
20033103,574481475306,3
20033104,574414940629,1
20033104,574422183148,1
20033104,574422969524,2
20033104,574424372201,3
20033104,574426287708,1
20033104,574430133102,4
20033104,574456888414,1
20033104,574463926476,1
20033104,574485896560,1
20033104,574490216669,2
20033104,574496278286,3
20033105,574407491158,1
20033105,574412321822,1
20033105,574417982593,3
20033105,574433483589,1
20033105,574444138575,2
20033105,574445670446,1
20033105,574449413194,3
20033105,574453954332,2
20033105,574457102141,1
20033105,574478826008,3
20033105,574480889866,1
20033105,574486851339,3
20033106,574405088157,4
20033106,574426287708,2
20033106,574429488233,1
20033107,574411987173,1
20033107,574413072327,1
20033107,574423924138,3
20033107,574429162411,1
20033107,574468433018,2
20033107,574486783001,1
20033107,574492127844,2
20033108,574408912854,3
20033108,574423999766,4
20033108,574428512332,1
20033108,574433647086,1
20033108,574441977397,2
20033108,574444342577,2
20033108,574447138533,3
20033108,574454801871,2
20033108,574454962518,1
20033109,574402712185,2
20033109,574436534326,1
20033109,574442310089,1
20033109,574445670446,3
20033109,574466871240,1
20033110,574417563965,2
20033110,574453954332,4
20033110,574483180267,2
20033111,574409189656,3
20033111,574414940629,1
20033111,574447952203,2
20033111,574466662197,1
20033111,574476705728,3
20033111,574484903473,1
20033111,574486170068,2
20033111,574486240019,2
20033111,574495051857,3
20033112,574408899571,1
20033112,574435190009,2
20033112,574439121281,1
20033112,574447791484,2
20033112,574492127844,1
20033113,574453623733,1
20033113,574480911473,3
20033114,574425108790,1
20033114,574425627658,2
20033114,574431102926,1
20033114,574435388720,1
20033114,574463070811,3
20033114,574472195045,2
20033115,574407491158,1
20033115,574414940629,1
20033115,574429212394,2
20033115,574455531242,3
20033115,574465673455,1
20033115,574465673455,3
20033115,574483804747,1
20033115,574486240019,1
20033115,574488005980,1
20033115,574488572539,1
20033116,574420177284,1
20033116,574428785109,2
20033116,574431766661,4
20033116,574444397620,2
20033116,574467656334,2
20033116,574486170068,1
20033116,574487861166,1
20033116,574488776629,1
20033117,574424372201,1
20033117,574430133102,1
20033117,574435388720,1
20033117,574463926476,1
20033117,574478423402,1
20033117,574492698849,1
20033118,574438938970,4
20033118,574448188910,2
20033118,574448546947,1
20033118,574448789045,2
20033118,574456888414,1
20033118,574476705728,3
20033118,574486061106,3
20033119,574408012913,1
20033119,574418848329,2
20033119,574442765000,1
20033119,574445764513,1
20033119,574452909883,1
20033119,574463832528,2
20033119,574469180387,1
20033119,574478423402,2
20033119,574494963149,3
20033120,574402442675,2
20033120,574410016368,2
20033120,574418231424,1
20033120,574431679997,1
20033120,574439320782,1
20033120,574442871613,1
20033120,574467607197,1
20033120,574468433018,3
20033120,574488776629,2
20033121,574401046579,2
20033121,574403916710,4
20033121,574404498569,2
20033121,574421798775,1
20033121,574423480773,2
20033121,574426573494,1
20033121,574428006583,1
20033121,574428512332,3
20033121,574430133102,1
20033121,574445998544,2
20033121,574459160316,2
20033121,574478423402,1
20033121,574491296256,1
20033122,574411987173,1
20033122,574419085889,3
20033122,574422277538,1
20033122,574424372201,2
20033122,574433483589,1
20033122,574439320782,1
20033122,574449413194,1
20033122,574465679850,1
20033122,574467656334,2
20033122,574491058128,1
20033123,574417073425,3
20033123,574454801871,4
20033123,574466871240,2
20033123,574472908417,1
20033124,574407491158,3
20033124,574410016368,1
20033124,574412581907,1
20033124,574432560191,1
20033124,574444829298,4
20033124,574462317681,3
20033124,574462659403,1
20033125,574416727803,2
20033125,574438554090,1
20033125,574445764513,2
20033125,574456740862,2
20033125,574469260378,2
20033126,574411236759,2
20033126,574423924138,1
20033126,574444829298,1
20033126,574444946807,2
20033126,574451416037,1
20033126,574453298446,1
20033126,574454801871,3
20033126,574482475820,3
20033127,574406778568,4
20033127,574407818572,3
20033127,574411987173,4
20033127,574443755826,1
20033127,574451416037,3
20033127,574453005307,2
20033127,574456888414,3
20033127,574463926476,1
20033127,574469180387,1
20033127,574480616369,1
20033127,574480889866,1
20033127,574486170068,3
20033128,574412581907,3
20033128,574417073425,1
20033128,574435190009,2
20033128,574447447436,1
20033128,574480889866,2
20033128,574485628963,1
20033129,574402442675,1
20033129,574453712859,2
20033129,574462722455,3
20033129,574470528150,1
20033129,574478580898,1
20033129,574482475820,1
20033129,574483180267,1
20033129,574484903473,1
20033129,574491296256,3
20033130,574416065933,1
20033130,574418231424,1
20033130,574421188684,2
20033130,574422277538,1
20033130,574424372201,1
20033130,574431102926,1
20033130,574441977397,1
20033130,574453005307,1
20033130,574484076944,4
20033130,574493315199,1
20033131,574401713944,3
20033131,574406689788,2
20033131,574422183148,1
20033131,574425725994,3
20033131,574441377813,2
20033131,574444829298,4
20033131,574445670446,1
20033131,574467617127,2
20033131,574485628963,2
20033132,574411052954,1
20033132,574412642027,1
20033132,574419782725,1
20033132,574422183148,1
20033132,574447138533,2
20033133,574402510495,1
20033133,574404270735,1
20033133,574404498569,2
20033133,574420177284,2
20033133,574427008440,1
20033133,574479894192,2
20033134,574408012913,2
20033134,574429133945,1
20033134,574431792763,3
20033134,574438636758,1
20033134,574451824139,4
20033134,574453623733,1
20033134,574478494650,3
20033134,574486170068,2
20033134,574490216669,2
20033135,574417625717,3
20033135,574422969524,1
20033135,574442765000,2
20033135,574444829298,3
20033135,574448188910,2
20033135,574450529566,1
20033135,574467617127,3
20033135,574468433018,2
20033135,574475590649,4
20033136,574447447436,2
20033136,574453353917,3
20033136,574462722455,4
20033136,574465679850,1
20033136,574468334957,1
20033136,574482797416,3
20033136,574488966550,3
20033137,574402510495,1
20033137,574408899571,2
20033137,574409189656,3
20033137,574410016368,4
20033137,574455531242,2
20033137,574456888414,1
20033137,574491058128,2
20033138,574406778568,3
20033138,574451956079,1
20033139,574438938970,1
20033139,574448214582,3
20033139,574453697906,1
20033139,574484076944,2
20033139,574492290565,2
20033140,574404627516,1
20033140,574408012913,1
20033140,574414084742,3
20033140,574430069266,1
20033140,574434497775,1
20033140,574444946807,1
20033140,574447138533,1
20033140,574460434923,4
20033140,574463211808,3
20033141,574402510495,1
20033141,574424688489,2
20033141,574428006583,2
20033141,574431792763,4
20033141,574435544770,2
20033141,574442255972,2
20033141,574447447436,1
20033141,574450690379,1
20033141,574474333877,4
20033141,574475479981,1
20033142,574407557549,2
20033142,574411052954,3
20033142,574419782725,2
20033142,574428785109,3
20033142,574438636758,4
20033142,574457102141,2
20033142,574475789355,1
20033142,574481602994,1
20033142,574483804747,3
20033143,574401713944,1
20033143,574411052954,1
20033143,574421798775,1
20033143,574437877616,1
20033143,574477709209,1
20033144,574401698889,4
20033144,574417625717,1
20033144,574421798775,2
20033144,574456740862,1
20033144,574457102141,3
20033144,574465673455,1
20033144,574489065209,1
20033144,574490216669,2
20033145,574406778568,2
20033145,574444397620,1
20033145,574447952203,1
20033145,574475172017,1
20033146,574402442675,3
20033146,574416065933,3
20033146,574438188638,2
20033146,574462722455,1
20033146,574485097457,1
20033146,574486541227,1
20033146,574491765163,2
20033147,574424087903,1
20033147,574429133945,1
20033147,574431792763,1
20033147,574461431124,1
20033147,574462596083,3
20033147,574485560570,3
20033147,574496278286,1
20033148,574410540967,1
20033148,574448789045,1
20033148,574473547794,4
20033149,574429212394,2
20033149,574480889866,1
20033149,574483122289,3
20033149,574492290565,1
20033149,574493175249,1
20033149,574494963149,1
20033150,574406778568,1
20033150,574438554090,2
20033150,574442871613,4
20033150,574480911473,1
20033150,574481475306,2
20033150,574489065209,2
20033151,574408899571,3
20033151,574431679997,2
20033151,574436534326,1
20033151,574465673455,2
20033151,574466772854,2
20033152,574404270735,2
20033152,574424372201,1
20033152,574434828631,4
20033152,574436908190,3
20033152,574442310089,1
20033152,574447791484,3
20033152,574466871240,1
20033152,574472195045,2
20033152,574473526600,2
20033152,574481577431,3
20033152,574488005980,2
20033152,574490216669,2
20033153,574410016368,1
20033153,574432560191,1
20033153,574435203929,1
20033153,574444829298,1
20033153,574447427687,1
20033153,574452649069,2
20033153,574460434923,1
20033153,574462596083,2
20033153,574483180267,2
20033153,574484192162,1
20033154,574402442675,1
20033154,574404486681,1
20033154,574411987173,3
20033154,574432560191,2
20033154,574437177669,2
20033154,574453954332,1
20033154,574469086975,2
20033155,574437053848,2
20033155,574438554090,1
20033155,574442255972,1
20033155,574448224845,2
20033155,574458771689,2
20033155,574478494650,1
20033155,574494963149,4
20033156,574447447436,1
20033156,574477444550,1
20033157,574409189656,2
20033157,574417073425,4
20033157,574421798775,2
20033157,574479927820,1
20033157,574486170068,2
20033158,574405947145,1
20033158,574448224845,3
20033158,574465673455,2
20033158,574474333877,3
20033158,574479262198,4
20033158,574486851339,4
20033158,574492127844,2
20033159,574405947145,3
20033159,574406778568,1
20033159,574408912854,1
20033159,574413631071,2
20033159,574418480066,1
20033159,574420986384,2
20033159,574429162411,4
20033159,574432560191,1
20033159,574434497775,1
20033159,574435203929,3
20033159,574471319164,1
20033159,574476705728,1
20033159,574484192162,1
20033159,574487861166,1
20033159,574494963149,1
20033160,574421798775,1
20033160,574428086068,2
20033160,574435203929,3
20033160,574444829298,1
20033160,574450690379,1
20033160,574453954332,1
20033160,574462317681,4
20033160,574466772854,1
20033160,574467656334,1
20033160,574479238621,2
20033161,574403916710,3
20033161,574424372201,2
20033161,574427008440,3
20033161,574441977397,1
20033161,574447736272,2
20033161,574456167029,4
20033161,574457102141,3
20033161,574460715123,3
20033161,574484586646,2
20033161,574486687622,3
20033161,574491853841,1
20033162,574406689788,1
20033162,574408899571,1
20033162,574418628663,1
20033162,574439922191,3
20033162,574453353917,1
20033162,574484903473,2
20033162,574491765163,1
20033163,574401713944,2
20033163,574403916710,2
20033163,574430703427,2
20033163,574438453481,3
20033163,574462722455,3
20033163,574486541227,2
20033163,574492290565,2
20033164,574404270735,4
20033164,574411987173,2
20033164,574436908190,3
20033164,574462596083,4
20033164,574480911473,3
20033164,574496278286,1
20033165,574444342577,1
20033165,574450529566,2
20033165,574453954332,1
20033165,574462596083,1
20033165,574474333877,3
20033165,574479262198,1
20033165,574479894192,1
20033165,574479927820,1
20033165,574480012089,1
20033165,574481577431,3
20033165,574484586646,1
20033165,574485560570,1
20033166,574448224845,1
20033166,574454879452,1
20033166,574481475306,2
20033166,574482797416,1
20033167,574418108881,1
20033167,574428512332,1
20033167,574429162411,2
20033167,574441377813,1
20033167,574454879452,2
20033167,574463211808,1
20033167,574478826008,2
20033167,574484076944,1
20033168,574402632161,1
20033168,574403982995,1
20033168,574412307019,2
20033168,574424688489,1
20033168,574448789045,2
20033168,574480911473,2
20033168,574492127844,2
20033169,574417563965,2
20033169,574423480773,1
20033169,574430069266,2
20033169,574444829298,1
20033169,574491058128,1
20033169,574492632066,2
20033170,574422716529,1
20033170,574424087903,2
20033170,574453353917,3
20033170,574462317681,4
20033170,574481602994,1
20033170,574486851339,1
20033171,574401713944,1
20033171,574404270735,3
20033171,574426015271,1
20033171,574447138533,3
20033171,574450690379,1
20033171,574485097457,1
20033171,574486491838,3
20033171,574486851339,4
20033171,574487861166,1
20033172,574411052954,1
20033172,574425108790,1
20033172,574436908190,3
20033172,574444138575,1
20033172,574453353917,2
20033172,574466772854,2
20033172,574479238621,2
20033172,574483180267,1
20033172,574492127844,1
20033173,574403916710,2
20033173,574424372201,1
20033174,574429488233,1
20033174,574435388720,3
20033174,574438188638,1
20033174,574438938970,2
20033174,574455531242,2
20033174,574469567187,1
20033174,574470528150,1
20033174,574479894192,3
20033175,574436908190,1
20033175,574447138533,1
20033176,574402442675,1
20033176,574408899571,2
20033176,574418231424,1
20033176,574431766661,1
20033176,574490216669,2
20033177,574422397958,1
20033177,574422397958,2
20033177,574445585740,2
20033177,574460434923,3
20033177,574471319164,3
20033178,574418647592,2
20033178,574429212394,1
20033178,574444829298,2
20033178,574446788380,2
20033178,574460715123,1
20033178,574461829917,2
20033178,574462596083,4
20033178,574477622296,1
20033178,574478494650,1
20033178,574478580898,1
20033178,574482475820,1
20033178,574493175249,2
20033179,574403982995,3
20033179,574425069329,3
20033179,574428006583,1
20033179,574441556000,3
20033179,574442310089,1
20033179,574458771689,3
20033179,574488776629,3
20033180,574403982995,1
20033180,574433483589,1
20033180,574444342577,1
20033180,574447736272,2
20033180,574453973300,2
20033180,574465673455,2
20033180,574488005980,1
20033180,574495051857,2
20033181,574406778568,1
20033181,574430069266,2
20033181,574435203929,1
20033181,574437053848,2
20033181,574463211808,4
20033181,574472908417,1
20033181,574475479981,1
20033181,574475789355,2
20033181,574493175249,1
20033181,574494963149,1
20033182,574412307019,2
20033182,574421798775,4
20033182,574435388720,3
20033182,574444829298,2
20033182,574448546947,2
20033182,574477444550,1
20033183,574412321822,2
20033183,574427008440,1
20033183,574435203929,1
20033183,574462317681,2
20033183,574488572539,1
20033183,574492632066,2
20033183,574494824581,1
20033183,574496278286,1
20033184,574401147676,3
20033184,574405088157,3
20033184,574418647592,3
20033184,574422397958,1
20033184,574432560191,3
20033184,574442310089,1
20033184,574463070811,2
20033184,574478494650,1
20033184,574479307520,1
20033184,574484076944,3
20033184,574493175249,3
20033185,574406689788,3
20033185,574442255972,1
20033185,574446788380,1
20033185,574462673372,1
20033185,574480012089,2
20033185,574485628963,1
20033186,574412010806,1
20033186,574413631071,1
20033186,574418621774,3
20033186,574443755826,4
20033186,574446859498,3
20033186,574483841626,3
20033186,574491296256,1
20033186,574494824581,1
20033186,574494963149,3
20033187,574428785109,1
20033187,574435544770,2
20033187,574438829548,1
20033187,574465679850,1
20033187,574472908417,1
20033187,574474791408,2
20033187,574491296256,1
20033188,574404498569,3
20033188,574409189656,1
20033188,574426287708,2
20033188,574434828631,2
20033188,574447736272,4
20033188,574453623733,1
20033188,574456167029,1
20033188,574481475306,1
20033188,574488776629,1
20033189,574401713944,1
20033189,574418231424,2
20033189,574437053848,3
20033189,574447766696,2
20033189,574451651808,3
20033189,574478826008,2
20033190,574410540967,4
20033190,574412307019,1
20033190,574423924138,3
20033190,574425627658,2
20033190,574449605896,4
20033190,574491853841,1
20033191,574424372201,1
20033191,574442871613,1
20033191,574453623733,1
20033191,574482797416,3
20033192,574422397958,4
20033192,574448214582,2
20033192,574448546947,1
20033192,574453712859,2
20033192,574456740862,1
20033192,574483122289,1
20033193,574404270735,1
20033193,574422969524,1
20033193,574429133945,2
20033193,574447427687,1
20033193,574452649069,3
20033193,574454879452,1
20033193,574480911473,1
20033194,574430703427,3
20033194,574441377813,2
20033194,574442255972,3
20033194,574444342577,1
20033194,574457102141,3
20033194,574467607197,2
20033194,574470528150,1
20033194,574470528150,3
20033194,574479238621,1
20033194,574479894192,1
20033194,574485560570,1
20033194,574488966550,2
20033194,574489065209,2
20033195,574402510495,1
20033195,574425627658,1
20033195,574446788380,2
20033195,574467617127,1
20033195,574496278286,3
20033196,574418072861,3
20033196,574418647592,3
20033196,574420177284,2
20033196,574436534326,2
20033196,574448188910,1
20033196,574458771689,2
20033196,574462596083,2
20033196,574483548556,1
20033196,574485628963,1
20033196,574486851339,1
20033196,574492290565,3
20033197,574419085889,1
20033197,574444829298,2
20033197,574446859498,1
20033197,574484076944,2
20033198,574423999766,3
20033198,574453353917,2
20033198,574487861166,1
20033199,574410016368,1
20033199,574419085889,1
20033199,574435190009,1
20033199,574439922191,1
20033199,574445764513,4
20033199,574446859498,1
20033199,574451956079,2
20033199,574453697906,3
20033199,574477622296,1
20033199,574483804747,2
20033199,574491765163,1
20033199,574491853841,2
20033200,574410281339,1
20033200,574447766696,3
20033200,574461431124,1
20033200,574469180387,1
20033200,574474427515,1
20033200,574491379250,3
20033201,574418848329,1
20033201,574451824139,3
20033201,574456740862,2
20033201,574476705728,1
20033201,574478423402,1
20033201,574495597477,4
20033202,574411236759,1
20033202,574413072327,2
20033202,574437053848,1
20033202,574442871613,3
20033202,574444946807,1
20033202,574449413194,3
20033202,574454801871,3
20033202,574466662197,2
20033202,574474791408,1
20033202,574479238621,1
20033202,574483548556,1
20033203,574401713944,1
20033203,574402712185,1
20033203,574410540967,1
20033203,574437877616,2
20033203,574441556000,1
20033203,574447427687,1
20033204,574428086068,2
20033204,574429162411,3
20033204,574429732656,3
20033204,574434497775,1
20033204,574445854142,3
20033204,574447447436,4
20033204,574456740862,4
20033204,574471319164,2
20033204,574480911473,2
20033204,574491058128,1
20033204,574492127844,1
20033205,574437877616,1
20033205,574461829917,1
20033206,574411052954,1
20033206,574435203929,1
20033206,574453005307,1
20033206,574458415882,2
20033206,574468334957,1
20033206,574477444550,4
20033206,574481602994,1
20033206,574494824581,1
20033207,574401147676,1
20033207,574424576405,1
20033207,574424688489,1
20033207,574437177669,1
20033207,574438453481,2
20033207,574473547794,2
20033207,574482797416,1
20033207,574486061106,2
20033207,574494824581,4
20033208,574404270735,3
20033208,574438439324,1
20033208,574477444550,3
20033208,574477709209,2
20033208,574491296256,1
20033209,574420986384,1
20033209,574423924138,2
20033209,574458625940,2
20033209,574491765163,1
20033210,574418621774,1
20033210,574428785109,1
20033210,574435544770,3
20033210,574447736272,3
20033210,574477709209,1
20033210,574478423402,1
20033210,574483180267,1
20033211,574414084742,1
20033211,574416727803,1
20033211,574425725994,3
20033211,574430133102,1
20033211,574445585740,3
20033211,574449413194,2
20033211,574463926476,2
20033211,574478423402,3
20033211,574485896560,1
20033211,574490216669,1
20033211,574492290565,3
20033212,574402442675,1
20033212,574448546947,3
20033212,574451677118,1
20033212,574462659403,3
20033212,574474333877,3
20033212,574480911473,1
20033212,574492632066,2
20033213,574429162411,2
20033213,574429212394,1
20033213,574438554090,2
20033213,574447736272,2
20033213,574456740862,2
20033213,574462722455,1
20033213,574474333877,2
20033214,574401147676,1
20033214,574401698889,4
20033214,574404270735,2
20033214,574414084742,2
20033214,574414940629,1
20033214,574432268235,1
20033214,574449563565,3
20033215,574401698889,2
20033215,574406778568,1
20033215,574412287351,1
20033215,574422397958,2
20033215,574442765000,1
20033215,574448789045,2
20033215,574449563565,2
20033215,574453697906,1
20033215,574462317681,1
20033215,574481577431,1
20033215,574483548556,2
20033215,574488005980,1
20033216,574412307019,1
20033216,574429162411,4
20033216,574438439324,2
20033216,574441377813,3
20033216,574481602994,1
20033216,574489256792,1
20033216,574495597477,3
20033217,574413631071,1
20033217,574421633754,2
20033217,574431766661,1
20033218,574403982995,2
20033218,574426287708,1
20033218,574431102926,3
20033218,574438636758,3
20033218,574445854142,1
20033218,574448214582,2
20033218,574453697906,1
20033218,574456888414,2
20033218,574458415882,1
20033218,574468334957,1
20033219,574416462413,1
20033219,574424087903,1
20033219,574436534326,4
20033219,574450529566,1
20033219,574473526600,3
20033219,574483548556,1
20033220,574416065933,1
20033220,574429488233,2
20033220,574431766661,1
20033220,574431792763,2
20033221,574426287708,1
20033221,574426287708,3
20033221,574427535275,1
20033221,574436908190,1
20033221,574438938970,1
20033221,574467617127,2
20033221,574483804747,1
20033221,574484192162,1
20033221,574488966550,2
20033221,574491296256,4
20033221,574492698849,1
20033222,574404486681,3
20033222,574424372201,1
20033222,574426410602,2
20033222,574428086068,2
20033222,574437053848,2
20033222,574437877616,3
20033222,574451677118,1
20033223,574410016368,1
20033223,574419810172,1
20033223,574427535275,4
20033223,574439320782,1
20033223,574446859498,1
20033223,574446859498,4
20033223,574480616369,2
20033224,574410540967,1
20033224,574445585740,3
20033224,574458415882,2
20033224,574483548556,1
20033224,574483804747,2
20033224,574486170068,1
20033224,574493175249,4
20033224,574493315199,1
20033225,574403982995,1
20033225,574416727803,1
20033225,574431766661,1
20033226,574401147676,4
20033226,574412581907,1
20033226,574418480066,2
20033226,574429732656,1
20033226,574437877616,2
20033226,574444829298,1
20033226,574444946807,2
20033226,574449605896,1
20033226,574479262198,2
20033227,574418848329,1
20033227,574426573494,2
20033227,574458771689,2
20033227,574467617127,3
20033227,574480911473,3
20033228,574401713944,1
20033228,574412010806,4
20033228,574418072861,3
20033228,574422716529,2
20033228,574423999766,1
20033228,574425069329,1
20033228,574458771689,2
20033228,574486541227,1
20033229,574418231424,2
20033229,574419810172,1
20033229,574428512332,3
20033229,574435203929,3
20033229,574480012089,4
20033229,574486783001,1
20033230,574418072861,4
20033230,574439922191,1
20033230,574453954332,1
20033230,574462659403,3
20033231,574428006583,1
20033231,574436245688,1
20033231,574438453481,3
20033231,574451416037,2
20033231,574465679850,1
20033231,574475590649,3
20033231,574481602994,2
20033232,574412642027,4
20033232,574422397958,1
20033232,574452909883,3
20033232,574454879452,2
20033232,574467656334,3
20033232,574483180267,2
20033232,574493315199,1
20033233,574402442675,1
20033233,574408912854,2
20033233,574411987173,2
20033233,574423480773,1
20033233,574439121281,1
20033233,574451824139,1
20033233,574459160316,1
20033233,574462596083,1
20033233,574465679850,2
20033233,574484076944,1
20033233,574484903473,3
20033234,574403982995,2
20033234,574416727803,4
20033234,574444138575,1
20033234,574481475306,1
20033235,574434497775,1
20033235,574453288646,1
20033235,574463070811,4
20033236,574401147676,3
20033236,574454801871,1
20033236,574463832528,1
20033236,574473547794,1
20033236,574474427515,1
20033237,574413759826,1
20033237,574424383317,2
20033237,574438188638,1
20033237,574444946807,1
20033237,574449605896,2
20033237,574463926476,1
20033237,574479894192,1
20033237,574484903473,2
20033237,574491379250,1
20033237,574491379250,3
20033237,574494824581,2
20033238,574404270735,1
20033238,574440875862,4
20033238,574460715123,2
20033238,574490216669,2
20033239,574409856524,1
20033239,574423924138,2
20033239,574429162411,1
20033239,574429488233,1
20033239,574437877616,1
20033239,574447447436,1
20033239,574448546947,2
20033239,574451956079,3
20033239,574454801871,1
20033239,574466662197,1
20033239,574484586646,3
20033240,574424688489,1
20033240,574428512332,2
20033240,574439121281,1
20033240,574447791484,2
20033240,574480012089,1
20033240,574488572539,3
20033240,574491853841,1
20033241,574401713944,2
20033241,574408012913,4
20033241,574412010806,2
20033241,574444138575,3
20033241,574449413194,3
20033241,574466662197,1
20033242,574458625940,2
20033242,574463832528,2
20033242,574469180387,3
20033242,574494963149,1
20033243,574416065933,2
20033243,574424087903,1
20033243,574434497775,2
20033243,574438453481,1
20033243,574445670446,1
20033243,574453954332,1
20033243,574453973300,1
20033244,574404627516,2
20033244,574420986384,1
20033244,574429732656,1
20033244,574441377813,4
20033244,574442765000,4
20033244,574443755826,3
20033244,574462722455,1
20033244,574492127844,2
20033245,574407557549,1
20033245,574409856524,2
20033245,574418284210,2
20033245,574422277538,1
20033245,574427008440,2
20033245,574436908190,2
20033245,574447766696,1
20033245,574456167029,4
20033245,574466662197,1
20033245,574472195045,1
20033246,574401713944,4
20033246,574403982995,2
20033246,574409189656,1
20033246,574412307019,1
20033246,574413631071,1
20033246,574426287708,1
20033246,574432268235,3
20033246,574435388720,3
20033246,574447952203,1
20033246,574450529566,3
20033246,574451651808,1
20033246,574469180387,1
20033246,574474791408,1
20033246,574475789355,1
20033246,574477709209,1
20033246,574486851339,1
20033247,574402442675,1
20033247,574402510495,2
20033247,574405947145,4
20033247,574421188684,4
20033247,574425725994,3
20033247,574426015271,2
20033247,574438453481,1
20033247,574457102141,4
20033247,574461431124,1
20033247,574469567187,1
20033247,574475590649,1
20033247,574485560570,1
20033247,574486783001,2
20033248,574401147676,1
20033248,574410540967,1
20033248,574411236759,1
20033248,574428086068,4
20033248,574430703427,1
20033249,574402712185,2
20033249,574411987173,1
20033249,574419782725,1
20033249,574422277538,2
20033249,574447766696,4
20033249,574458771689,1
20033249,574479927820,1
20033250,574404627516,1
20033250,574461829917,3
20033250,574476705728,3
20033250,574485560570,1
20033250,574485896560,1
20033251,574412321822,3
20033252,574429162411,2
20033252,574439121281,3
20033252,574469567187,2
20033252,574485097457,1
20033253,574403916710,1
20033253,574421633754,3
20033253,574432268235,4
20033253,574438829548,1
20033253,574443722596,1
20033253,574449413194,1
20033253,574479307520,3
20033253,574482475820,3
20033253,574485628963,1
20033253,574492127844,1
20033254,574418848329,1
20033254,574438554090,1
20033254,574448546947,1
20033254,574456167029,1
20033254,574474427515,2
20033254,574480012089,1
20033254,574491765163,2
20033254,574492127844,3
20033255,574412287351,1
20033255,574412287351,3
20033255,574416462413,1
20033255,574418647592,1
20033255,574435203929,1
20033255,574461216611,3
20033255,574481602994,1
20033255,574483180267,1
20033255,574483548556,2
20033256,574426287708,3
20033256,574467617127,3
20033256,574470528150,1
20033256,574491296256,1
20033257,574403916710,1
20033257,574418480066,2
20033257,574427008440,2
20033257,574442765000,2
20033257,574445585740,2
20033257,574477622296,2
20033258,574424383317,2
20033258,574446859498,1
20033258,574472908417,2
20033258,574483180267,1
20033258,574491058128,1
20033258,574493315199,1
20033259,574409856524,3
20033259,574425069329,1
20033259,574426015271,2
20033259,574427535275,1
20033259,574430133102,1
20033259,574431679997,2
20033259,574431766661,1
20033259,574443710884,4
20033259,574451651808,2
20033259,574467617127,2
20033259,574475172017,2
20033259,574477622296,1
20033260,574411987173,2
20033260,574429133945,1
20033260,574429488233,4
20033260,574447447436,1
20033260,574453353917,1
20033260,574453973300,1
20033260,574469180387,2
20033260,574477709209,1
20033261,574412321822,1
20033261,574417625717,1
20033261,574430133102,3
20033261,574434497775,1
20033261,574445854142,1
20033262,574408899571,2
20033262,574419810172,2
20033262,574426573494,2
20033262,574443755826,2
20033262,574447138533,2
20033262,574482475820,1
20033262,574486170068,3
